-- phpMyAdmin SQL Dump
-- version 5.2.1
-- https://www.phpmyadmin.net/
--
-- Host: localhost:3306
-- Generation Time: Aug 15, 2023 at 10:26 AM
-- Server version: 10.5.21-MariaDB-cll-lve
-- PHP Version: 8.1.16

SET SQL_MODE = "NO_AUTO_VALUE_ON_ZERO";
START TRANSACTION;
SET time_zone = "+00:00";


/*!40101 SET @OLD_CHARACTER_SET_CLIENT=@@CHARACTER_SET_CLIENT */;
/*!40101 SET @OLD_CHARACTER_SET_RESULTS=@@CHARACTER_SET_RESULTS */;
/*!40101 SET @OLD_COLLATION_CONNECTION=@@COLLATION_CONNECTION */;
/*!40101 SET NAMES utf8mb4 */;

--
-- Database: `drivetkj_bread_smile`
--

-- --------------------------------------------------------

--
-- Table structure for table `bahankeluar`
--

CREATE TABLE `bahankeluar` (
  `id_bahanKeluar` int(10) UNSIGNED NOT NULL,
  `kd_bahan` varchar(10) NOT NULL,
  `nm_bahan` varchar(50) NOT NULL,
  `tgl_keluar` date NOT NULL,
  `jumlah` double NOT NULL,
  `total` double NOT NULL,
  `ket` varchar(255) DEFAULT NULL,
  `created_at` timestamp NULL DEFAULT NULL,
  `updated_at` timestamp NULL DEFAULT NULL
) ENGINE=InnoDB DEFAULT CHARSET=utf8mb4 COLLATE=utf8mb4_unicode_ci;

--
-- Dumping data for table `bahankeluar`
--

INSERT INTO `bahankeluar` (`id_bahanKeluar`, `kd_bahan`, `nm_bahan`, `tgl_keluar`, `jumlah`, `total`, `ket`, `created_at`, `updated_at`) VALUES
(14, 'BHN015', 'Daging Ayam', '2023-02-12', 0.405, 11745, NULL, '2023-02-12 14:00:40', '2023-02-12 14:00:40'),
(16, 'BHN001', 'Tepung Serbaguna', '2023-02-12', 1.387, 17476.2, NULL, '2023-02-12 14:01:54', '2023-02-12 14:01:54'),
(17, 'BHN002', 'Garam', '2023-02-12', 0.427, 25620, NULL, '2023-02-12 14:01:54', '2023-02-14 12:18:04'),
(18, 'BHN003', 'Gula Pasir', '2023-02-12', 0.405, 4050, NULL, '2023-02-12 14:01:54', '2023-02-12 14:01:54'),
(19, 'BHN004', 'Gula Bubuk', '2023-02-12', 1.953, 19530, NULL, '2023-02-12 14:01:54', '2023-02-12 14:01:54'),
(20, 'BHN005', 'Brown Sugar', '2023-02-12', 1.171, 35130, NULL, '2023-02-12 14:01:54', '2023-02-12 14:01:54'),
(21, 'BHN006', 'Baking Powder', '2023-02-12', 0.963, 24075, NULL, '2023-02-12 14:01:54', '2023-02-12 14:01:54'),
(22, 'BHN007', 'Baking Soda', '2023-02-12', 2.331, 69930, NULL, '2023-02-12 14:01:54', '2023-02-12 14:01:54'),
(23, 'BHN008', 'Ragi', '2023-02-12', 1.017, 55935, NULL, '2023-02-12 14:01:54', '2023-02-12 14:01:54'),
(24, 'BHN009', 'Susu Bubuk', '2023-02-12', 2.014, 68476, NULL, '2023-02-12 14:01:54', '2023-02-12 14:01:54'),
(25, 'BHN010', 'Maizena', '2023-02-12', 1.739, 29563, NULL, '2023-02-12 14:01:54', '2023-02-12 14:01:54'),
(26, 'BHN011', 'Minyak Sayur', '2023-02-12', 2.008, 40160, NULL, '2023-02-12 14:01:54', '2023-02-12 14:01:54'),
(27, 'BHN012', 'Lemak Nabati (Shortening)', '2023-02-12', 0.275, 16500, NULL, '2023-02-12 14:01:54', '2023-02-12 14:01:54'),
(29, 'BHN014', 'Rempah-Rempah', '2023-02-12', 0.724, 36200, NULL, '2023-02-12 14:01:54', '2023-02-12 14:01:54'),
(31, 'BHN024', 'Telur', '2023-02-12', 1.196, 38272, NULL, '2023-02-12 14:01:54', '2023-02-12 14:01:54'),
(32, 'BHN001', 'Tepung Serbaguna', '2023-02-12', 2.479, 31235.4, NULL, '2023-02-12 14:02:09', '2023-02-12 14:02:09'),
(33, 'BHN002', 'Garam', '2023-02-12', 1.117, 6702, NULL, '2023-02-12 14:02:09', '2023-02-12 14:02:09'),
(34, 'BHN003', 'Gula Pasir', '2023-02-12', 0.267, 2670, NULL, '2023-02-12 14:02:09', '2023-02-12 14:02:09'),
(35, 'BHN004', 'Gula Bubuk', '2023-02-12', 1.417, 14170, NULL, '2023-02-12 14:02:09', '2023-02-12 14:02:09'),
(36, 'BHN005', 'Brown Sugar', '2023-02-12', 0.947, 28410, NULL, '2023-02-12 14:02:09', '2023-02-12 14:02:09'),
(37, 'BHN006', 'Baking Powder', '2023-02-12', 2.423, 60575, NULL, '2023-02-12 14:02:09', '2023-02-12 14:02:09'),
(38, 'BHN007', 'Baking Soda', '2023-02-12', 0.381, 11430, NULL, '2023-02-12 14:02:09', '2023-02-12 14:02:09'),
(39, 'BHN008', 'Ragi', '2023-02-12', 2.106, 115830, NULL, '2023-02-12 14:02:09', '2023-02-12 14:02:09'),
(40, 'BHN009', 'Susu Bubuk', '2023-02-12', 1.806, 61404, NULL, '2023-02-12 14:02:09', '2023-02-12 14:02:09'),
(41, 'BHN010', 'Maizena', '2023-02-12', 1.246, 21182, NULL, '2023-02-12 14:02:09', '2023-02-12 14:02:09'),
(42, 'BHN011', 'Minyak Sayur', '2023-02-12', 1.99, 39800, NULL, '2023-02-12 14:02:09', '2023-02-12 14:02:09'),
(43, 'BHN012', 'Lemak Nabati (Shortening)', '2023-02-12', 2.476, 148560, NULL, '2023-02-12 14:02:09', '2023-02-12 14:02:09'),
(44, 'BHN013', 'Bubuk Cokelat', '2023-02-12', 1.748, 69920, NULL, '2023-02-12 14:02:09', '2023-02-12 14:02:09'),
(45, 'BHN014', 'Rempah-Rempah', '2023-02-12', 2.269, 113450, NULL, '2023-02-12 14:02:09', '2023-02-12 14:02:09'),
(46, 'BHN016', 'Keju', '2023-02-12', 2.13, 161880, NULL, '2023-02-12 14:02:09', '2023-02-12 14:02:09'),
(47, 'BHN023', 'Cokelat Batang', '2023-02-12', 1.613, 80650, NULL, '2023-02-12 14:02:09', '2023-02-12 14:02:09'),
(48, 'BHN024', 'Telur', '2023-02-12', 0.507, 16224, NULL, '2023-02-12 14:02:09', '2023-02-12 14:02:09'),
(49, 'BHN001', 'Tepung Serbaguna', '2023-02-12', 1.129, 14225.4, NULL, '2023-02-12 14:02:22', '2023-02-12 14:02:22'),
(50, 'BHN002', 'Garam', '2023-02-12', 0.307, 1842, NULL, '2023-02-12 14:02:22', '2023-02-12 14:02:22'),
(51, 'BHN003', 'Gula Pasir', '2023-02-12', 2.478, 24780, NULL, '2023-02-12 14:02:22', '2023-02-12 14:02:22'),
(52, 'BHN004', 'Gula Bubuk', '2023-02-12', 2.219, 22190, NULL, '2023-02-12 14:02:22', '2023-02-12 14:02:22'),
(53, 'BHN005', 'Brown Sugar', '2023-02-12', 2.203, 66090, NULL, '2023-02-12 14:02:22', '2023-02-12 14:02:22'),
(54, 'BHN006', 'Baking Powder', '2023-02-12', 1.754, 43850, NULL, '2023-02-12 14:02:22', '2023-02-12 14:02:22'),
(55, 'BHN007', 'Baking Soda', '2023-02-12', 1.728, 51840, NULL, '2023-02-12 14:02:22', '2023-02-12 14:02:22'),
(56, 'BHN008', 'Ragi', '2023-02-12', 1.62, 89100, NULL, '2023-02-12 14:02:22', '2023-02-12 14:02:22'),
(57, 'BHN009', 'Susu Bubuk', '2023-02-12', 2.376, 80784, NULL, '2023-02-12 14:02:22', '2023-02-12 14:02:22'),
(58, 'BHN010', 'Maizena', '2023-02-12', 0.427, 7259, NULL, '2023-02-12 14:02:22', '2023-02-12 14:02:22'),
(59, 'BHN011', 'Minyak Sayur', '2023-02-12', 0.106, 2120, NULL, '2023-02-12 14:02:22', '2023-02-12 14:02:22'),
(60, 'BHN012', 'Lemak Nabati (Shortening)', '2023-02-12', 1.638, 98280, NULL, '2023-02-12 14:02:22', '2023-02-12 14:02:22'),
(61, 'BHN013', 'Bubuk Cokelat', '2023-02-12', 0.448, 17920, NULL, '2023-02-12 14:02:22', '2023-02-12 14:02:22'),
(62, 'BHN014', 'Rempah-Rempah', '2023-02-12', 2.131, 106550, NULL, '2023-02-12 14:02:22', '2023-02-12 14:02:22'),
(64, 'BHN023', 'Cokelat Batang', '2023-02-12', 2.469, 123450, NULL, '2023-02-12 14:02:22', '2023-02-12 14:02:22'),
(65, 'BHN024', 'Telur', '2023-02-12', 0.563, 18016, NULL, '2023-02-12 14:02:22', '2023-02-12 14:02:22'),
(66, 'BHN001', 'Tepung Serbaguna', '2023-02-12', 0.964, 12146.4, NULL, '2023-02-12 14:02:45', '2023-02-12 14:02:45'),
(67, 'BHN002', 'Garam', '2023-02-12', 0.941, 5646, NULL, '2023-02-12 14:02:45', '2023-02-12 14:02:45'),
(68, 'BHN003', 'Gula Pasir', '2023-02-12', 1.808, 18080, NULL, '2023-02-12 14:02:45', '2023-02-12 14:02:45'),
(69, 'BHN004', 'Gula Bubuk', '2023-02-12', 0.759, 7590, NULL, '2023-02-12 14:02:45', '2023-02-12 14:02:45'),
(70, 'BHN005', 'Brown Sugar', '2023-02-12', 1.835, 55050, NULL, '2023-02-12 14:02:45', '2023-02-12 14:02:45'),
(71, 'BHN006', 'Baking Powder', '2023-02-12', 2.152, 53800, NULL, '2023-02-12 14:02:45', '2023-02-12 14:02:45'),
(72, 'BHN007', 'Baking Soda', '2023-02-12', 0.235, 7050, NULL, '2023-02-12 14:02:45', '2023-02-12 14:02:45'),
(73, 'BHN008', 'Ragi', '2023-02-12', 1.293, 71115, NULL, '2023-02-12 14:02:45', '2023-02-12 14:02:45'),
(74, 'BHN009', 'Susu Bubuk', '2023-02-12', 0.894, 30396, NULL, '2023-02-12 14:02:45', '2023-02-12 14:02:45'),
(75, 'BHN010', 'Maizena', '2023-02-12', 2.182, 37094, NULL, '2023-02-12 14:02:45', '2023-02-12 14:02:45'),
(76, 'BHN011', 'Minyak Sayur', '2023-02-12', 2.048, 40960, NULL, '2023-02-12 14:02:45', '2023-02-12 14:02:45'),
(77, 'BHN012', 'Lemak Nabati (Shortening)', '2023-02-12', 0.564, 33840, NULL, '2023-02-12 14:02:45', '2023-02-12 14:02:45'),
(78, 'BHN014', 'Rempah-Rempah', '2023-02-12', 1.96, 98000, NULL, '2023-02-12 14:02:45', '2023-02-12 14:02:45'),
(79, 'BHN020', 'Bubuk Moca', '2023-02-12', 1.884, 75360, NULL, '2023-02-12 14:02:45', '2023-02-12 14:02:45'),
(80, 'BHN024', 'Telur', '2023-02-12', 0.94, 30080, NULL, '2023-02-12 14:02:45', '2023-02-12 14:02:45'),
(81, 'BHN001', 'Tepung Serbaguna', '2023-01-12', 0.554, 6980.4, NULL, '2023-02-12 14:21:48', '2023-02-12 14:21:48'),
(82, 'BHN002', 'Garam', '2023-01-12', 0.147, 882, NULL, '2023-02-12 14:21:48', '2023-02-12 14:21:48'),
(83, 'BHN003', 'Gula Pasir', '2023-01-12', 1.078, 10780, NULL, '2023-02-12 14:21:48', '2023-02-12 14:21:48'),
(84, 'BHN004', 'Gula Bubuk', '2023-01-12', 1.011, 10110, NULL, '2023-02-12 14:21:48', '2023-02-12 14:21:48'),
(85, 'BHN005', 'Brown Sugar', '2023-01-12', 0.555, 16650, NULL, '2023-02-12 14:21:48', '2023-02-12 14:21:48'),
(86, 'BHN006', 'Baking Powder', '2023-01-12', 1.718, 42950, NULL, '2023-02-12 14:21:48', '2023-02-12 14:21:48'),
(87, 'BHN007', 'Baking Soda', '2023-01-12', 0.678, 20340, NULL, '2023-02-12 14:21:48', '2023-02-12 14:21:48'),
(88, 'BHN008', 'Ragi', '2023-01-12', 1.507, 82885, NULL, '2023-02-12 14:21:48', '2023-02-12 14:21:48'),
(89, 'BHN009', 'Susu Bubuk', '2023-01-12', 2.164, 73576, NULL, '2023-02-12 14:21:48', '2023-02-12 14:21:48'),
(90, 'BHN010', 'Maizena', '2023-01-12', 1.92, 32640, NULL, '2023-02-12 14:21:48', '2023-02-12 14:21:48'),
(91, 'BHN011', 'Minyak Sayur', '2023-01-12', 0.956, 19120, NULL, '2023-02-12 14:21:48', '2023-02-12 14:21:48'),
(92, 'BHN012', 'Lemak Nabati (Shortening)', '2023-01-12', 0.813, 48780, NULL, '2023-02-12 14:21:48', '2023-02-12 14:21:48'),
(93, 'BHN014', 'Rempah-Rempah', '2023-01-12', 0.717, 35850, NULL, '2023-02-12 14:21:48', '2023-02-12 14:21:48'),
(94, 'BHN016', 'Keju', '2023-01-12', 2.303, 175028, NULL, '2023-02-12 14:21:48', '2023-02-12 14:21:48'),
(95, 'BHN019', 'Mayones', '2023-01-12', 0.997, 29910, NULL, '2023-02-12 14:21:48', '2023-02-12 14:21:48'),
(96, 'BHN024', 'Telur', '2023-01-12', 2.381, 76192, NULL, '2023-02-12 14:21:48', '2023-02-12 14:21:48'),
(97, 'BHN001', 'Tepung Serbaguna', '2023-12-12', 1.129, 14225.4, NULL, '2023-02-12 14:23:07', '2023-02-12 14:23:07'),
(98, 'BHN002', 'Garam', '2023-12-12', 0.307, 1842, NULL, '2023-02-12 14:23:07', '2023-02-12 14:23:07'),
(99, 'BHN003', 'Gula Pasir', '2023-12-12', 2.478, 24780, NULL, '2023-02-12 14:23:07', '2023-02-12 14:23:07'),
(100, 'BHN004', 'Gula Bubuk', '2023-12-12', 2.219, 22190, NULL, '2023-02-12 14:23:07', '2023-02-12 14:23:07'),
(101, 'BHN005', 'Brown Sugar', '2023-12-12', 2.203, 66090, NULL, '2023-02-12 14:23:07', '2023-02-12 14:23:07'),
(102, 'BHN006', 'Baking Powder', '2023-12-12', 1.754, 43850, NULL, '2023-02-12 14:23:07', '2023-02-12 14:23:07'),
(103, 'BHN007', 'Baking Soda', '2023-12-12', 1.728, 51840, NULL, '2023-02-12 14:23:07', '2023-02-12 14:23:07'),
(104, 'BHN008', 'Ragi', '2023-12-12', 1.62, 89100, NULL, '2023-02-12 14:23:07', '2023-02-12 14:23:07'),
(105, 'BHN009', 'Susu Bubuk', '2023-12-12', 2.376, 80784, NULL, '2023-02-12 14:23:07', '2023-02-12 14:23:07'),
(106, 'BHN010', 'Maizena', '2023-12-12', 0.427, 7259, NULL, '2023-02-12 14:23:07', '2023-02-12 14:23:07'),
(107, 'BHN011', 'Minyak Sayur', '2023-12-12', 0.106, 2120, NULL, '2023-02-12 14:23:07', '2023-02-12 14:23:07'),
(108, 'BHN012', 'Lemak Nabati (Shortening)', '2023-12-12', 1.638, 98280, NULL, '2023-02-12 14:23:07', '2023-02-12 14:23:07'),
(109, 'BHN013', 'Bubuk Cokelat', '2023-12-12', 0.448, 17920, NULL, '2023-02-12 14:23:07', '2023-02-12 14:23:07'),
(110, 'BHN014', 'Rempah-Rempah', '2023-12-12', 2.131, 106550, NULL, '2023-02-12 14:23:07', '2023-02-12 14:23:07'),
(111, 'BHN018', 'Pandan', '2023-12-12', 2.17, 49910, NULL, '2023-02-12 14:23:07', '2023-02-12 14:23:07'),
(112, 'BHN023', 'Cokelat Batang', '2023-12-12', 2.469, 123450, NULL, '2023-02-12 14:23:07', '2023-02-12 14:23:07'),
(113, 'BHN024', 'Telur', '2023-12-12', 0.563, 18016, NULL, '2023-02-12 14:23:07', '2023-02-12 14:23:07'),
(114, 'BHN001', 'Tepung Serbaguna', '2023-02-14', 1.129, 14225.4, NULL, '2023-02-14 11:14:26', '2023-02-14 11:14:26'),
(115, 'BHN002', 'Garam', '2023-02-14', 0.307, 1842, NULL, '2023-02-14 11:14:26', '2023-02-14 11:14:26'),
(116, 'BHN003', 'Gula Pasir', '2023-02-14', 2.478, 24780, NULL, '2023-02-14 11:14:26', '2023-02-14 11:14:26'),
(117, 'BHN004', 'Gula Bubuk', '2023-02-14', 2.219, 22190, NULL, '2023-02-14 11:14:26', '2023-02-14 11:14:26'),
(118, 'BHN005', 'Brown Sugar', '2023-02-14', 2.203, 66090, NULL, '2023-02-14 11:14:26', '2023-02-14 11:14:26'),
(119, 'BHN006', 'Baking Powder', '2023-02-14', 1.754, 43850, NULL, '2023-02-14 11:14:26', '2023-02-14 11:14:26'),
(120, 'BHN007', 'Baking Soda', '2023-02-14', 1.728, 51840, NULL, '2023-02-14 11:14:26', '2023-02-14 11:14:26'),
(121, 'BHN008', 'Ragi', '2023-02-14', 1.62, 89100, NULL, '2023-02-14 11:14:26', '2023-02-14 11:14:26'),
(122, 'BHN009', 'Susu Bubuk', '2023-02-14', 2.376, 80784, NULL, '2023-02-14 11:14:26', '2023-02-14 11:14:26'),
(123, 'BHN010', 'Maizena', '2023-02-14', 0.427, 7259, NULL, '2023-02-14 11:14:27', '2023-02-14 11:14:27'),
(124, 'BHN011', 'Minyak Sayur', '2023-02-14', 0.106, 2120, NULL, '2023-02-14 11:14:27', '2023-02-14 11:14:27'),
(125, 'BHN012', 'Lemak Nabati (Shortening)', '2023-02-14', 1.638, 98280, NULL, '2023-02-14 11:14:27', '2023-02-14 11:14:27'),
(126, 'BHN013', 'Bubuk Cokelat', '2023-02-14', 0.448, 17920, NULL, '2023-02-14 11:14:27', '2023-02-14 11:14:27'),
(127, 'BHN014', 'Rempah-Rempah', '2023-02-14', 2.131, 106550, NULL, '2023-02-14 11:14:27', '2023-02-14 11:14:27'),
(128, 'BHN018', 'Pandan', '2023-02-14', 2.17, 49910, NULL, '2023-02-14 11:14:27', '2023-02-14 11:14:27'),
(129, 'BHN023', 'Cokelat Batang', '2023-02-14', 2.469, 123450, NULL, '2023-02-14 11:14:27', '2023-02-14 11:14:27'),
(136, 'BHN024', 'Telur', '2023-02-14', 0.076, 2432, NULL, '2023-02-14 13:28:26', '2023-02-14 13:28:26'),
(138, 'BHN001', 'Tepung Serbaguna', '2023-02-16', 2.23, 28098, NULL, '2023-02-16 15:42:39', '2023-02-16 15:42:39'),
(139, 'BHN002', 'Garam', '2023-02-16', 2.357, 14142, NULL, '2023-02-16 15:42:39', '2023-02-16 15:42:39'),
(140, 'BHN003', 'Gula Pasir', '2023-02-16', 0.232, 2320, NULL, '2023-02-16 15:42:39', '2023-02-16 15:42:39'),
(141, 'BHN004', 'Gula Bubuk', '2023-02-16', 2.355, 23550, NULL, '2023-02-16 15:42:39', '2023-02-16 15:42:39'),
(142, 'BHN005', 'Brown Sugar', '2023-02-16', 0.366, 10980, NULL, '2023-02-16 15:42:39', '2023-02-16 15:42:39'),
(143, 'BHN006', 'Baking Powder', '2023-02-16', 1.784, 44600, NULL, '2023-02-16 15:42:39', '2023-02-16 15:42:39'),
(144, 'BHN007', 'Baking Soda', '2023-02-16', 2.075, 62250, NULL, '2023-02-16 15:42:39', '2023-02-16 15:42:39'),
(145, 'BHN008', 'Ragi', '2023-02-16', 1.708, 93940, NULL, '2023-02-16 15:42:39', '2023-02-16 15:42:39'),
(146, 'BHN009', 'Susu Bubuk', '2023-02-16', 1.412, 48008, NULL, '2023-02-16 15:42:39', '2023-02-16 15:42:39'),
(147, 'BHN010', 'Maizena', '2023-02-16', 2.395, 40715, NULL, '2023-02-16 15:42:39', '2023-02-16 15:42:39'),
(148, 'BHN011', 'Minyak Sayur', '2023-02-16', 2.346, 46920, NULL, '2023-02-16 15:42:39', '2023-02-16 15:42:39'),
(149, 'BHN012', 'Lemak Nabati (Shortening)', '2023-02-16', 1.76, 105600, NULL, '2023-02-16 15:42:39', '2023-02-16 15:42:39'),
(150, 'BHN016', 'Keju', '2023-02-16', 2.398, 182248, NULL, '2023-02-16 15:42:39', '2023-02-16 15:42:39'),
(151, 'BHN024', 'Telur', '2023-02-16', 0.553, 17696, NULL, '2023-02-16 15:42:39', '2023-02-16 15:42:39'),
(152, 'BHN001', 'Tepung Serbaguna', '2023-02-16', 1.162, 14641.2, NULL, '2023-02-16 15:43:35', '2023-02-16 15:43:35'),
(153, 'BHN002', 'Garam', '2023-02-16', 0.994, 5964, NULL, '2023-02-16 15:43:35', '2023-02-16 15:43:35'),
(154, 'BHN003', 'Gula Pasir', '2023-02-16', 1.661, 16610, NULL, '2023-02-16 15:43:35', '2023-02-16 15:43:35'),
(155, 'BHN004', 'Gula Bubuk', '2023-02-16', 1.173, 11730, NULL, '2023-02-16 15:43:35', '2023-02-16 15:43:35'),
(156, 'BHN005', 'Brown Sugar', '2023-02-16', 0.24, 7200, NULL, '2023-02-16 15:43:35', '2023-02-16 15:43:35'),
(157, 'BHN006', 'Baking Powder', '2023-02-16', 1.546, 38650, NULL, '2023-02-16 15:43:35', '2023-02-16 15:43:35'),
(158, 'BHN007', 'Baking Soda', '2023-02-16', 2.337, 70110, NULL, '2023-02-16 15:43:35', '2023-02-16 15:43:35'),
(159, 'BHN008', 'Ragi', '2023-02-16', 2.115, 116325, NULL, '2023-02-16 15:43:35', '2023-02-16 15:43:35'),
(160, 'BHN009', 'Susu Bubuk', '2023-02-16', 1.563, 53142, NULL, '2023-02-16 15:43:35', '2023-02-16 15:43:35'),
(161, 'BHN010', 'Maizena', '2023-02-16', 1.334, 22678, NULL, '2023-02-16 15:43:35', '2023-02-16 15:43:35'),
(162, 'BHN011', 'Minyak Sayur', '2023-02-16', 0.668, 13360, NULL, '2023-02-16 15:43:35', '2023-02-16 15:43:35'),
(163, 'BHN012', 'Lemak Nabati (Shortening)', '2023-02-16', 1.201, 72060, NULL, '2023-02-16 15:43:35', '2023-02-16 15:43:35'),
(164, 'BHN013', 'Bubuk Cokelat', '2023-02-16', 0.934, 37360, NULL, '2023-02-16 15:43:35', '2023-02-16 15:43:35'),
(165, 'BHN014', 'Rempah-Rempah', '2023-02-16', 0.603, 30150, NULL, '2023-02-16 15:43:35', '2023-02-16 15:43:35'),
(166, 'BHN015', 'Daging Ayam', '2023-02-16', 2.449, 71021, NULL, '2023-02-16 15:43:35', '2023-02-16 15:43:35'),
(167, 'BHN016', 'Keju', '2023-02-16', 1.16, 88160, NULL, '2023-02-16 15:43:35', '2023-02-16 15:43:35'),
(168, 'BHN024', 'Telur', '2023-02-16', 0.765, 24480, NULL, '2023-02-16 15:43:35', '2023-02-16 15:43:35'),
(169, 'BHN001', 'Tepung Serbaguna', '2023-02-16', 1.115, 14049, NULL, '2023-02-16 15:44:01', '2023-02-16 15:44:01'),
(170, 'BHN002', 'Garam', '2023-02-16', 0.314, 1884, NULL, '2023-02-16 15:44:01', '2023-02-16 15:44:01'),
(171, 'BHN003', 'Gula Pasir', '2023-02-16', 1.193, 11930, NULL, '2023-02-16 15:44:01', '2023-02-16 15:44:01'),
(172, 'BHN004', 'Gula Bubuk', '2023-02-16', 0.17, 1700, NULL, '2023-02-16 15:44:01', '2023-02-16 15:44:01'),
(173, 'BHN005', 'Brown Sugar', '2023-02-16', 2.278, 68340, NULL, '2023-02-16 15:44:01', '2023-02-16 15:44:01'),
(174, 'BHN006', 'Baking Powder', '2023-02-16', 1.717, 42925, NULL, '2023-02-16 15:44:01', '2023-02-16 15:44:01'),
(175, 'BHN007', 'Baking Soda', '2023-02-16', 0.197, 5910, NULL, '2023-02-16 15:44:01', '2023-02-16 15:44:01'),
(176, 'BHN008', 'Ragi', '2023-02-16', 2.487, 136785, NULL, '2023-02-16 15:44:01', '2023-02-16 15:44:01'),
(177, 'BHN009', 'Susu Bubuk', '2023-02-16', 2.333, 79322, NULL, '2023-02-16 15:44:01', '2023-02-16 15:44:01'),
(178, 'BHN010', 'Maizena', '2023-02-16', 0.655, 11135, NULL, '2023-02-16 15:44:01', '2023-02-16 15:44:01'),
(179, 'BHN011', 'Minyak Sayur', '2023-02-16', 1.5, 30000, NULL, '2023-02-16 15:44:01', '2023-02-16 15:44:01'),
(180, 'BHN012', 'Lemak Nabati (Shortening)', '2023-02-16', 0.823, 49380, NULL, '2023-02-16 15:44:01', '2023-02-16 15:44:01'),
(181, 'BHN013', 'Bubuk Cokelat', '2023-02-16', 2.363, 94520, NULL, '2023-02-16 15:44:01', '2023-02-16 15:44:01'),
(182, 'BHN014', 'Rempah-Rempah', '2023-02-16', 1.931, 96550, NULL, '2023-02-16 15:44:01', '2023-02-16 15:44:01'),
(183, 'BHN016', 'Keju', '2023-02-16', 1.669, 126844, NULL, '2023-02-16 15:44:01', '2023-02-16 15:44:01'),
(184, 'BHN024', 'Telur', '2023-02-16', 1.25, 40000, NULL, '2023-02-16 15:44:01', '2023-02-16 15:44:01'),
(185, 'BHN001', 'Tepung Serbaguna', '2023-02-16', 1.847, 23272.2, NULL, '2023-02-16 15:44:24', '2023-02-16 15:44:24'),
(186, 'BHN002', 'Garam', '2023-02-16', 0.467, 2802, NULL, '2023-02-16 15:44:24', '2023-02-16 15:44:24'),
(187, 'BHN003', 'Gula Pasir', '2023-02-16', 1.473, 14730, NULL, '2023-02-16 15:44:24', '2023-02-16 15:44:24'),
(188, 'BHN004', 'Gula Bubuk', '2023-02-16', 1.6, 16000, NULL, '2023-02-16 15:44:24', '2023-02-16 15:44:24'),
(189, 'BHN005', 'Brown Sugar', '2023-02-16', 1.29, 38700, NULL, '2023-02-16 15:44:24', '2023-02-16 15:44:24'),
(190, 'BHN006', 'Baking Powder', '2023-02-16', 0.786, 19650, NULL, '2023-02-16 15:44:24', '2023-02-16 15:44:24'),
(191, 'BHN007', 'Baking Soda', '2023-02-16', 0.415, 12450, NULL, '2023-02-16 15:44:24', '2023-02-16 15:44:24'),
(192, 'BHN008', 'Ragi', '2023-02-16', 2.239, 123145, NULL, '2023-02-16 15:44:24', '2023-02-16 15:44:24'),
(193, 'BHN009', 'Susu Bubuk', '2023-02-16', 0.669, 22746, NULL, '2023-02-16 15:44:24', '2023-02-16 15:44:24'),
(194, 'BHN010', 'Maizena', '2023-02-16', 1.659, 28203, NULL, '2023-02-16 15:44:25', '2023-02-16 15:44:25'),
(195, 'BHN011', 'Minyak Sayur', '2023-02-16', 2.28, 45600, NULL, '2023-02-16 15:44:25', '2023-02-16 15:44:25'),
(196, 'BHN012', 'Lemak Nabati (Shortening)', '2023-02-16', 0.972, 58320, NULL, '2023-02-16 15:44:25', '2023-02-16 15:44:25'),
(197, 'BHN013', 'Bubuk Cokelat', '2023-02-16', 1.032, 41280, NULL, '2023-02-16 15:44:25', '2023-02-16 15:44:25'),
(198, 'BHN014', 'Rempah-Rempah', '2023-02-16', 2.481, 124050, NULL, '2023-02-16 15:44:25', '2023-02-16 15:44:25'),
(199, 'BHN023', 'Cokelat Batang', '2023-02-16', 1.987, 99350, NULL, '2023-02-16 15:44:25', '2023-02-16 15:44:25'),
(200, 'BHN024', 'Telur', '2023-02-16', 2.431, 77792, NULL, '2023-02-16 15:44:25', '2023-02-16 15:44:25'),
(201, 'BHN001', 'Tepung Serbaguna', '2023-02-17', 2.479, 31235.4, NULL, '2023-02-17 12:33:30', '2023-02-17 12:33:30'),
(202, 'BHN002', 'Garam', '2023-02-17', 1.117, 6702, NULL, '2023-02-17 12:33:30', '2023-02-17 12:33:30'),
(203, 'BHN003', 'Gula Pasir', '2023-02-17', 0.267, 2670, NULL, '2023-02-17 12:33:30', '2023-02-17 12:33:30'),
(204, 'BHN004', 'Gula Bubuk', '2023-02-17', 1.417, 14170, NULL, '2023-02-17 12:33:30', '2023-02-17 12:33:30'),
(205, 'BHN005', 'Brown Sugar', '2023-02-17', 0.947, 28410, NULL, '2023-02-17 12:33:30', '2023-02-17 12:33:30'),
(206, 'BHN006', 'Baking Powder', '2023-02-17', 2.423, 60575, NULL, '2023-02-17 12:33:30', '2023-02-17 12:33:30'),
(207, 'BHN007', 'Baking Soda', '2023-02-17', 0.381, 11430, NULL, '2023-02-17 12:33:31', '2023-02-17 12:33:31'),
(208, 'BHN008', 'Ragi', '2023-02-17', 2.106, 115830, NULL, '2023-02-17 12:33:31', '2023-02-17 12:33:31'),
(209, 'BHN009', 'Susu Bubuk', '2023-02-17', 1.806, 61404, NULL, '2023-02-17 12:33:31', '2023-02-17 12:33:31'),
(210, 'BHN010', 'Maizena', '2023-02-17', 1.246, 21182, NULL, '2023-02-17 12:33:31', '2023-02-17 12:33:31'),
(211, 'BHN011', 'Minyak Sayur', '2023-02-17', 1.99, 39800, NULL, '2023-02-17 12:33:31', '2023-02-17 12:33:31'),
(212, 'BHN012', 'Lemak Nabati (Shortening)', '2023-02-17', 2.476, 148560, NULL, '2023-02-17 12:33:31', '2023-02-17 12:33:31'),
(213, 'BHN013', 'Bubuk Cokelat', '2023-02-17', 1.748, 69920, NULL, '2023-02-17 12:33:31', '2023-02-17 12:33:31'),
(214, 'BHN014', 'Rempah-Rempah', '2023-02-17', 2.269, 113450, NULL, '2023-02-17 12:33:31', '2023-02-17 12:33:31'),
(215, 'BHN016', 'Keju', '2023-02-17', 2.13, 161880, NULL, '2023-02-17 12:33:31', '2023-02-17 12:33:31'),
(216, 'BHN023', 'Cokelat Batang', '2023-02-17', 1.613, 80650, NULL, '2023-02-17 12:33:31', '2023-02-17 12:33:31'),
(217, 'BHN024', 'Telur', '2023-02-17', 0.507, 16224, NULL, '2023-02-17 12:33:31', '2023-02-17 12:33:31'),
(218, 'BHN001', 'Tepung Serbaguna', '2023-02-17', 2.23, 28098, NULL, '2023-02-17 12:33:58', '2023-02-17 12:33:58'),
(219, 'BHN002', 'Garam', '2023-02-17', 2.357, 14142, NULL, '2023-02-17 12:33:58', '2023-02-17 12:33:58'),
(220, 'BHN003', 'Gula Pasir', '2023-02-17', 0.232, 2320, NULL, '2023-02-17 12:33:58', '2023-02-17 12:33:58'),
(221, 'BHN004', 'Gula Bubuk', '2023-02-17', 2.355, 23550, NULL, '2023-02-17 12:33:58', '2023-02-17 12:33:58'),
(222, 'BHN005', 'Brown Sugar', '2023-02-17', 0.366, 10980, NULL, '2023-02-17 12:33:59', '2023-02-17 12:33:59'),
(223, 'BHN006', 'Baking Powder', '2023-02-17', 1.784, 44600, NULL, '2023-02-17 12:33:59', '2023-02-17 12:33:59'),
(224, 'BHN007', 'Baking Soda', '2023-02-17', 2.075, 62250, NULL, '2023-02-17 12:33:59', '2023-02-17 12:33:59'),
(225, 'BHN008', 'Ragi', '2023-02-17', 1.708, 93940, NULL, '2023-02-17 12:33:59', '2023-02-17 12:33:59'),
(226, 'BHN009', 'Susu Bubuk', '2023-02-17', 1.412, 48008, NULL, '2023-02-17 12:33:59', '2023-02-17 12:33:59'),
(227, 'BHN010', 'Maizena', '2023-02-17', 2.395, 40715, NULL, '2023-02-17 12:33:59', '2023-02-17 12:33:59'),
(228, 'BHN011', 'Minyak Sayur', '2023-02-17', 2.346, 46920, NULL, '2023-02-17 12:33:59', '2023-02-17 12:33:59'),
(229, 'BHN012', 'Lemak Nabati (Shortening)', '2023-02-17', 1.76, 105600, NULL, '2023-02-17 12:33:59', '2023-02-17 12:33:59'),
(230, 'BHN016', 'Keju', '2023-02-17', 2.398, 182248, NULL, '2023-02-17 12:33:59', '2023-02-17 12:33:59'),
(231, 'BHN024', 'Telur', '2023-02-17', 0.553, 17696, NULL, '2023-02-17 12:33:59', '2023-02-17 12:33:59'),
(232, 'BHN001', 'Tepung Serbaguna', '2023-02-17', 2.23, 28098, NULL, '2023-02-17 12:34:19', '2023-02-17 12:34:19'),
(233, 'BHN002', 'Garam', '2023-02-17', 2.357, 14142, NULL, '2023-02-17 12:34:19', '2023-02-17 12:34:19'),
(234, 'BHN003', 'Gula Pasir', '2023-02-17', 0.232, 2320, NULL, '2023-02-17 12:34:19', '2023-02-17 12:34:19'),
(235, 'BHN004', 'Gula Bubuk', '2023-02-17', 2.355, 23550, NULL, '2023-02-17 12:34:19', '2023-02-17 12:34:19'),
(236, 'BHN005', 'Brown Sugar', '2023-02-17', 0.366, 10980, NULL, '2023-02-17 12:34:19', '2023-02-17 12:34:19'),
(237, 'BHN006', 'Baking Powder', '2023-02-17', 1.784, 44600, NULL, '2023-02-17 12:34:19', '2023-02-17 12:34:19'),
(238, 'BHN007', 'Baking Soda', '2023-02-17', 2.075, 62250, NULL, '2023-02-17 12:34:19', '2023-02-17 12:34:19'),
(239, 'BHN008', 'Ragi', '2023-02-17', 1.708, 93940, NULL, '2023-02-17 12:34:19', '2023-02-17 12:34:19'),
(240, 'BHN009', 'Susu Bubuk', '2023-02-17', 1.412, 48008, NULL, '2023-02-17 12:34:19', '2023-02-17 12:34:19'),
(241, 'BHN010', 'Maizena', '2023-02-17', 2.395, 40715, NULL, '2023-02-17 12:34:19', '2023-02-17 12:34:19'),
(242, 'BHN011', 'Minyak Sayur', '2023-02-17', 2.346, 46920, NULL, '2023-02-17 12:34:19', '2023-02-17 12:34:19'),
(243, 'BHN012', 'Lemak Nabati (Shortening)', '2023-02-17', 1.76, 105600, NULL, '2023-02-17 12:34:19', '2023-02-17 12:34:19'),
(244, 'BHN016', 'Keju', '2023-02-17', 2.398, 182248, NULL, '2023-02-17 12:34:19', '2023-02-17 12:34:19'),
(245, 'BHN024', 'Telur', '2023-02-17', 0.553, 17696, NULL, '2023-02-17 12:34:19', '2023-02-17 12:34:19');

-- --------------------------------------------------------

--
-- Table structure for table `bahanmasuk`
--

CREATE TABLE `bahanmasuk` (
  `id_bahanMasuk` int(10) UNSIGNED NOT NULL,
  `kd_bahan` varchar(10) NOT NULL,
  `nm_bahan` varchar(50) NOT NULL,
  `tgl_masuk` date NOT NULL,
  `jumlah` double NOT NULL,
  `ket` varchar(255) DEFAULT NULL,
  `total` double NOT NULL,
  `created_at` timestamp NULL DEFAULT NULL,
  `updated_at` timestamp NULL DEFAULT NULL
) ENGINE=InnoDB DEFAULT CHARSET=utf8mb4 COLLATE=utf8mb4_unicode_ci;

--
-- Dumping data for table `bahanmasuk`
--

INSERT INTO `bahanmasuk` (`id_bahanMasuk`, `kd_bahan`, `nm_bahan`, `tgl_masuk`, `jumlah`, `ket`, `total`, `created_at`, `updated_at`) VALUES
(1, 'BHN001', 'Tepung Serbaguna', '2023-02-15', 10, NULL, 126000, '2023-02-13 17:40:38', '2023-02-14 05:42:10'),
(2, 'BHN002', 'Garam', '2023-02-14', 20, NULL, 120000, '2023-02-13 17:40:51', '2023-02-14 05:41:33'),
(3, 'BHN005', 'Brown Sugar', '2023-02-14', 10, NULL, 300000, '2023-02-14 16:22:06', '2023-02-14 16:22:06');

-- --------------------------------------------------------

--
-- Table structure for table `buatresep`
--

CREATE TABLE `buatresep` (
  `id_buatResep` int(10) UNSIGNED NOT NULL,
  `kd_resep` varchar(10) NOT NULL,
  `kd_bahan` varchar(10) NOT NULL,
  `jumlah` double NOT NULL,
  `harga_pakai` int(11) NOT NULL,
  `created_at` timestamp NULL DEFAULT NULL,
  `updated_at` timestamp NULL DEFAULT NULL
) ENGINE=InnoDB DEFAULT CHARSET=utf8mb4 COLLATE=utf8mb4_unicode_ci;

--
-- Dumping data for table `buatresep`
--

INSERT INTO `buatresep` (`id_buatResep`, `kd_resep`, `kd_bahan`, `jumlah`, `harga_pakai`, `created_at`, `updated_at`) VALUES
(1, 'RSP001', 'BHN001', 1.53, 19278, '2023-02-12 13:48:53', '2023-02-12 13:48:53'),
(2, 'RSP001', 'BHN002', 0.286, 1716, '2023-02-12 13:48:53', '2023-02-12 13:48:53'),
(3, 'RSP001', 'BHN003', 2.432, 24320, '2023-02-12 13:48:53', '2023-02-12 13:48:53'),
(4, 'RSP001', 'BHN004', 1.066, 10660, '2023-02-12 13:48:53', '2023-02-12 13:48:53'),
(5, 'RSP001', 'BHN005', 2.49, 74700, '2023-02-12 13:48:53', '2023-02-12 13:48:53'),
(6, 'RSP001', 'BHN006', 1.865, 46625, '2023-02-12 13:48:53', '2023-02-12 13:48:53'),
(7, 'RSP001', 'BHN007', 1.93, 57900, '2023-02-12 13:48:53', '2023-02-12 13:48:53'),
(8, 'RSP001', 'BHN008', 1.037, 57035, '2023-02-12 13:48:53', '2023-02-12 13:48:53'),
(9, 'RSP001', 'BHN009', 1.71, 58140, '2023-02-12 13:48:53', '2023-02-12 13:48:53'),
(10, 'RSP001', 'BHN010', 0.96, 16320, '2023-02-12 13:48:53', '2023-02-12 13:48:53'),
(11, 'RSP001', 'BHN011', 0.319, 6380, '2023-02-12 13:48:53', '2023-02-12 13:48:53'),
(12, 'RSP001', 'BHN012', 1.407, 84420, '2023-02-12 13:48:53', '2023-02-12 13:48:53'),
(13, 'RSP001', 'BHN014', 2.488, 124400, '2023-02-12 13:48:53', '2023-02-12 13:48:53'),
(14, 'RSP001', 'BHN015', 0.405, 11745, '2023-02-12 13:48:53', '2023-02-12 13:48:53'),
(15, 'RSP001', 'BHN024', 0.514, 16448, '2023-02-12 13:48:53', '2023-02-12 13:48:53'),
(16, 'RSP002', 'BHN001', 0.554, 6980, '2023-02-12 13:50:17', '2023-02-12 13:50:17'),
(17, 'RSP002', 'BHN002', 0.147, 882, '2023-02-12 13:50:17', '2023-02-12 13:50:17'),
(18, 'RSP002', 'BHN003', 1.078, 10780, '2023-02-12 13:50:17', '2023-02-12 13:50:17'),
(19, 'RSP002', 'BHN004', 1.011, 10110, '2023-02-12 13:50:17', '2023-02-12 13:50:17'),
(20, 'RSP002', 'BHN005', 0.555, 16650, '2023-02-12 13:50:17', '2023-02-12 13:50:17'),
(21, 'RSP002', 'BHN006', 1.718, 42950, '2023-02-12 13:50:17', '2023-02-12 13:50:17'),
(22, 'RSP002', 'BHN007', 0.678, 20340, '2023-02-12 13:50:17', '2023-02-12 13:50:17'),
(23, 'RSP002', 'BHN008', 1.507, 82885, '2023-02-12 13:50:17', '2023-02-12 13:50:17'),
(24, 'RSP002', 'BHN009', 2.164, 73576, '2023-02-12 13:50:17', '2023-02-12 13:50:17'),
(25, 'RSP002', 'BHN010', 1.92, 32640, '2023-02-12 13:50:17', '2023-02-12 13:50:17'),
(26, 'RSP002', 'BHN011', 0.956, 19120, '2023-02-12 13:50:17', '2023-02-12 13:50:17'),
(27, 'RSP002', 'BHN012', 0.813, 48780, '2023-02-12 13:50:17', '2023-02-12 13:50:17'),
(28, 'RSP002', 'BHN014', 0.717, 35850, '2023-02-12 13:50:17', '2023-02-12 13:50:17'),
(29, 'RSP002', 'BHN016', 2.303, 175028, '2023-02-12 13:50:17', '2023-02-12 13:50:17'),
(30, 'RSP002', 'BHN019', 0.997, 29910, '2023-02-12 13:50:17', '2023-02-12 13:50:17'),
(31, 'RSP002', 'BHN024', 2.381, 76192, '2023-02-12 13:50:17', '2023-02-12 13:50:17'),
(32, 'RSP003', 'BHN001', 1.387, 17476, '2023-02-12 13:52:59', '2023-02-12 13:52:59'),
(33, 'RSP003', 'BHN002', 0.427, 2562, '2023-02-12 13:52:59', '2023-02-12 13:52:59'),
(34, 'RSP003', 'BHN003', 0.405, 4050, '2023-02-12 13:52:59', '2023-02-12 13:52:59'),
(35, 'RSP003', 'BHN004', 1.953, 19530, '2023-02-12 13:52:59', '2023-02-12 13:52:59'),
(36, 'RSP003', 'BHN005', 1.171, 35130, '2023-02-12 13:52:59', '2023-02-12 13:52:59'),
(37, 'RSP003', 'BHN006', 0.963, 24075, '2023-02-12 13:52:59', '2023-02-12 13:52:59'),
(38, 'RSP003', 'BHN007', 2.331, 69930, '2023-02-12 13:52:59', '2023-02-12 13:52:59'),
(39, 'RSP003', 'BHN008', 1.017, 55935, '2023-02-12 13:52:59', '2023-02-12 13:52:59'),
(40, 'RSP003', 'BHN009', 2.014, 68476, '2023-02-12 13:52:59', '2023-02-12 13:52:59'),
(41, 'RSP003', 'BHN010', 1.739, 29563, '2023-02-12 13:52:59', '2023-02-12 13:52:59'),
(42, 'RSP003', 'BHN011', 2.008, 40160, '2023-02-12 13:52:59', '2023-02-12 13:52:59'),
(43, 'RSP003', 'BHN012', 0.275, 16500, '2023-02-12 13:52:59', '2023-02-12 13:52:59'),
(44, 'RSP003', 'BHN013', 0.141, 5640, '2023-02-12 13:52:59', '2023-02-12 13:52:59'),
(45, 'RSP003', 'BHN014', 0.724, 36200, '2023-02-12 13:52:59', '2023-02-12 13:52:59'),
(46, 'RSP003', 'BHN023', 2.294, 114700, '2023-02-12 13:52:59', '2023-02-12 13:52:59'),
(47, 'RSP003', 'BHN024', 1.196, 38272, '2023-02-12 13:52:59', '2023-02-12 13:52:59'),
(48, 'RSP004', 'BHN001', 2.479, 31235, '2023-02-12 13:53:58', '2023-02-12 13:53:58'),
(49, 'RSP004', 'BHN002', 1.117, 6702, '2023-02-12 13:53:58', '2023-02-12 13:53:58'),
(50, 'RSP004', 'BHN003', 0.267, 2670, '2023-02-12 13:53:58', '2023-02-12 13:53:58'),
(51, 'RSP004', 'BHN004', 1.417, 14170, '2023-02-12 13:53:58', '2023-02-12 13:53:58'),
(52, 'RSP004', 'BHN005', 0.947, 28410, '2023-02-12 13:53:58', '2023-02-12 13:53:58'),
(53, 'RSP004', 'BHN006', 2.423, 60575, '2023-02-12 13:53:58', '2023-02-12 13:53:58'),
(54, 'RSP004', 'BHN007', 0.381, 11430, '2023-02-12 13:53:58', '2023-02-12 13:53:58'),
(55, 'RSP004', 'BHN008', 2.106, 115830, '2023-02-12 13:53:58', '2023-02-12 13:53:58'),
(56, 'RSP004', 'BHN009', 1.806, 61404, '2023-02-12 13:53:58', '2023-02-12 13:53:58'),
(57, 'RSP004', 'BHN010', 1.246, 21182, '2023-02-12 13:53:58', '2023-02-12 13:53:58'),
(58, 'RSP004', 'BHN011', 1.99, 39800, '2023-02-12 13:53:58', '2023-02-12 13:53:58'),
(59, 'RSP004', 'BHN012', 2.476, 148560, '2023-02-12 13:53:58', '2023-02-12 13:53:58'),
(60, 'RSP004', 'BHN013', 1.748, 69920, '2023-02-12 13:53:58', '2023-02-12 13:53:58'),
(61, 'RSP004', 'BHN014', 2.269, 113450, '2023-02-12 13:53:58', '2023-02-12 13:53:58'),
(62, 'RSP004', 'BHN016', 2.13, 161880, '2023-02-12 13:53:58', '2023-02-12 13:53:58'),
(63, 'RSP004', 'BHN023', 1.613, 80650, '2023-02-12 13:53:58', '2023-02-12 13:53:58'),
(64, 'RSP004', 'BHN024', 0.507, 16224, '2023-02-12 13:53:58', '2023-02-12 13:53:58'),
(65, 'RSP005', 'BHN001', 1.129, 14225, '2023-02-12 13:54:51', '2023-02-12 13:54:51'),
(66, 'RSP005', 'BHN002', 0.307, 1842, '2023-02-12 13:54:51', '2023-02-12 13:54:51'),
(67, 'RSP005', 'BHN003', 2.478, 24780, '2023-02-12 13:54:51', '2023-02-12 13:54:51'),
(68, 'RSP005', 'BHN004', 2.219, 22190, '2023-02-12 13:54:51', '2023-02-12 13:54:51'),
(69, 'RSP005', 'BHN005', 2.203, 66090, '2023-02-12 13:54:51', '2023-02-12 13:54:51'),
(70, 'RSP005', 'BHN006', 1.754, 43850, '2023-02-12 13:54:51', '2023-02-12 13:54:51'),
(71, 'RSP005', 'BHN007', 1.728, 51840, '2023-02-12 13:54:51', '2023-02-12 13:54:51'),
(72, 'RSP005', 'BHN008', 1.62, 89100, '2023-02-12 13:54:51', '2023-02-12 13:54:51'),
(73, 'RSP005', 'BHN009', 2.376, 80784, '2023-02-12 13:54:51', '2023-02-12 13:54:51'),
(74, 'RSP005', 'BHN010', 0.427, 7259, '2023-02-12 13:54:51', '2023-02-12 13:54:51'),
(75, 'RSP005', 'BHN011', 0.106, 2120, '2023-02-12 13:54:51', '2023-02-12 13:54:51'),
(76, 'RSP005', 'BHN012', 1.638, 98280, '2023-02-12 13:54:51', '2023-02-12 13:54:51'),
(77, 'RSP005', 'BHN013', 0.448, 17920, '2023-02-12 13:54:51', '2023-02-12 13:54:51'),
(78, 'RSP005', 'BHN014', 2.131, 106550, '2023-02-12 13:54:51', '2023-02-12 13:54:51'),
(79, 'RSP005', 'BHN018', 2.17, 49910, '2023-02-12 13:54:51', '2023-02-12 13:54:51'),
(80, 'RSP005', 'BHN023', 2.469, 123450, '2023-02-12 13:54:51', '2023-02-12 13:54:51'),
(81, 'RSP005', 'BHN024', 0.563, 18016, '2023-02-12 13:54:51', '2023-02-12 13:54:51'),
(82, 'RSP006', 'BHN001', 0.964, 12146, '2023-02-12 13:55:56', '2023-02-12 13:55:56'),
(83, 'RSP006', 'BHN002', 0.941, 5646, '2023-02-12 13:55:56', '2023-02-12 13:55:56'),
(84, 'RSP006', 'BHN003', 1.808, 18080, '2023-02-12 13:55:56', '2023-02-12 13:55:56'),
(85, 'RSP006', 'BHN004', 0.759, 7590, '2023-02-12 13:55:56', '2023-02-12 13:55:56'),
(86, 'RSP006', 'BHN005', 1.835, 55050, '2023-02-12 13:55:56', '2023-02-12 13:55:56'),
(87, 'RSP006', 'BHN006', 2.152, 53800, '2023-02-12 13:55:56', '2023-02-12 13:55:56'),
(88, 'RSP006', 'BHN007', 0.235, 7050, '2023-02-12 13:55:56', '2023-02-12 13:55:56'),
(89, 'RSP006', 'BHN008', 1.293, 71115, '2023-02-12 13:55:56', '2023-02-12 13:55:56'),
(90, 'RSP006', 'BHN009', 0.894, 30396, '2023-02-12 13:55:56', '2023-02-12 13:55:56'),
(91, 'RSP006', 'BHN010', 2.182, 37094, '2023-02-12 13:55:56', '2023-02-12 13:55:56'),
(92, 'RSP006', 'BHN011', 2.048, 40960, '2023-02-12 13:55:56', '2023-02-12 13:55:56'),
(93, 'RSP006', 'BHN012', 0.564, 33840, '2023-02-12 13:55:56', '2023-02-12 13:55:56'),
(94, 'RSP006', 'BHN014', 1.96, 98000, '2023-02-12 13:55:56', '2023-02-12 13:55:56'),
(95, 'RSP006', 'BHN020', 1.884, 75360, '2023-02-12 13:55:56', '2023-02-12 13:55:56'),
(96, 'RSP006', 'BHN024', 0.94, 30080, '2023-02-12 13:55:56', '2023-02-12 13:55:56'),
(97, 'RSP007', 'BHN001', 1.847, 23272, '2023-02-14 04:10:48', '2023-02-14 04:10:48'),
(98, 'RSP007', 'BHN002', 0.467, 2802, '2023-02-14 04:10:48', '2023-02-14 04:10:48'),
(99, 'RSP007', 'BHN003', 1.473, 14730, '2023-02-14 04:10:48', '2023-02-14 04:10:48'),
(100, 'RSP007', 'BHN004', 1.6, 16000, '2023-02-14 04:10:48', '2023-02-14 04:10:48'),
(101, 'RSP007', 'BHN005', 1.29, 38700, '2023-02-14 04:10:48', '2023-02-14 04:10:48'),
(102, 'RSP007', 'BHN006', 0.786, 19650, '2023-02-14 04:10:48', '2023-02-14 04:10:48'),
(103, 'RSP007', 'BHN007', 0.415, 12450, '2023-02-14 04:10:48', '2023-02-14 04:10:48'),
(104, 'RSP007', 'BHN008', 2.239, 123145, '2023-02-14 04:10:48', '2023-02-14 04:10:48'),
(105, 'RSP007', 'BHN009', 0.669, 22746, '2023-02-14 04:10:48', '2023-02-14 04:10:48'),
(106, 'RSP007', 'BHN010', 1.659, 28203, '2023-02-14 04:10:49', '2023-02-14 04:10:49'),
(107, 'RSP007', 'BHN011', 2.28, 45600, '2023-02-14 04:10:49', '2023-02-14 04:10:49'),
(108, 'RSP007', 'BHN012', 0.972, 58320, '2023-02-14 04:10:49', '2023-02-14 04:10:49'),
(109, 'RSP007', 'BHN013', 1.032, 41280, '2023-02-14 04:10:49', '2023-02-14 04:10:49'),
(110, 'RSP007', 'BHN014', 2.481, 124050, '2023-02-14 04:10:49', '2023-02-14 04:10:49'),
(111, 'RSP007', 'BHN023', 1.987, 99350, '2023-02-14 04:10:49', '2023-02-14 04:10:49'),
(112, 'RSP007', 'BHN024', 2.431, 77792, '2023-02-14 04:10:49', '2023-02-14 04:10:49'),
(113, 'RSP008', 'BHN001', 2.23, 28098, '2023-02-16 15:39:52', '2023-02-16 15:39:52'),
(114, 'RSP008', 'BHN002', 2.357, 14142, '2023-02-16 15:39:52', '2023-02-16 15:39:52'),
(115, 'RSP008', 'BHN003', 0.232, 2320, '2023-02-16 15:39:52', '2023-02-16 15:39:52'),
(116, 'RSP008', 'BHN004', 2.355, 23550, '2023-02-16 15:39:52', '2023-02-16 15:39:52'),
(117, 'RSP008', 'BHN005', 0.366, 10980, '2023-02-16 15:39:52', '2023-02-16 15:39:52'),
(118, 'RSP008', 'BHN006', 1.784, 44600, '2023-02-16 15:39:52', '2023-02-16 15:39:52'),
(119, 'RSP008', 'BHN007', 2.075, 62250, '2023-02-16 15:39:52', '2023-02-16 15:39:52'),
(120, 'RSP008', 'BHN008', 1.708, 93940, '2023-02-16 15:39:52', '2023-02-16 15:39:52'),
(121, 'RSP008', 'BHN009', 1.412, 48008, '2023-02-16 15:39:52', '2023-02-16 15:39:52'),
(122, 'RSP008', 'BHN010', 2.395, 40715, '2023-02-16 15:39:52', '2023-02-16 15:39:52'),
(123, 'RSP008', 'BHN011', 2.346, 46920, '2023-02-16 15:39:52', '2023-02-16 15:39:52'),
(124, 'RSP008', 'BHN012', 1.76, 105600, '2023-02-16 15:39:52', '2023-02-16 15:39:52'),
(125, 'RSP008', 'BHN016', 2.398, 182248, '2023-02-16 15:39:52', '2023-02-16 15:39:52'),
(126, 'RSP008', 'BHN024', 0.553, 17696, '2023-02-16 15:39:52', '2023-02-16 15:39:52'),
(127, 'RSP009', 'BHN001', 1.115, 14049, '2023-02-16 15:40:52', '2023-02-16 15:40:52'),
(128, 'RSP009', 'BHN002', 0.314, 1884, '2023-02-16 15:40:52', '2023-02-16 15:40:52'),
(129, 'RSP009', 'BHN003', 1.193, 11930, '2023-02-16 15:40:52', '2023-02-16 15:40:52'),
(130, 'RSP009', 'BHN004', 0.17, 1700, '2023-02-16 15:40:52', '2023-02-16 15:40:52'),
(131, 'RSP009', 'BHN005', 2.278, 68340, '2023-02-16 15:40:52', '2023-02-16 15:40:52'),
(132, 'RSP009', 'BHN006', 1.717, 42925, '2023-02-16 15:40:52', '2023-02-16 15:40:52'),
(133, 'RSP009', 'BHN007', 0.197, 5910, '2023-02-16 15:40:52', '2023-02-16 15:40:52'),
(134, 'RSP009', 'BHN008', 2.487, 136785, '2023-02-16 15:40:52', '2023-02-16 15:40:52'),
(135, 'RSP009', 'BHN009', 2.333, 79322, '2023-02-16 15:40:52', '2023-02-16 15:40:52'),
(136, 'RSP009', 'BHN010', 0.655, 11135, '2023-02-16 15:40:52', '2023-02-16 15:40:52'),
(137, 'RSP009', 'BHN011', 1.5, 30000, '2023-02-16 15:40:52', '2023-02-16 15:40:52'),
(138, 'RSP009', 'BHN012', 0.823, 49380, '2023-02-16 15:40:52', '2023-02-16 15:40:52'),
(139, 'RSP009', 'BHN013', 2.363, 94520, '2023-02-16 15:40:52', '2023-02-16 15:40:52'),
(140, 'RSP009', 'BHN014', 1.931, 96550, '2023-02-16 15:40:52', '2023-02-16 15:40:52'),
(141, 'RSP009', 'BHN016', 1.669, 126844, '2023-02-16 15:40:52', '2023-02-16 15:40:52'),
(142, 'RSP009', 'BHN024', 1.25, 40000, '2023-02-16 15:40:52', '2023-02-16 15:40:52'),
(143, 'RSP010', 'BHN001', 1.162, 14641, '2023-02-16 15:41:54', '2023-02-16 15:41:54'),
(144, 'RSP010', 'BHN002', 0.994, 5964, '2023-02-16 15:41:54', '2023-02-16 15:41:54'),
(145, 'RSP010', 'BHN003', 1.661, 16610, '2023-02-16 15:41:54', '2023-02-16 15:41:54'),
(146, 'RSP010', 'BHN004', 1.173, 11730, '2023-02-16 15:41:54', '2023-02-16 15:41:54'),
(147, 'RSP010', 'BHN005', 0.24, 7200, '2023-02-16 15:41:54', '2023-02-16 15:41:54'),
(148, 'RSP010', 'BHN006', 1.546, 38650, '2023-02-16 15:41:54', '2023-02-16 15:41:54'),
(149, 'RSP010', 'BHN007', 2.337, 70110, '2023-02-16 15:41:54', '2023-02-16 15:41:54'),
(150, 'RSP010', 'BHN008', 2.115, 116325, '2023-02-16 15:41:54', '2023-02-16 15:41:54'),
(151, 'RSP010', 'BHN009', 1.563, 53142, '2023-02-16 15:41:54', '2023-02-16 15:41:54'),
(152, 'RSP010', 'BHN010', 1.334, 22678, '2023-02-16 15:41:54', '2023-02-16 15:41:54'),
(153, 'RSP010', 'BHN011', 0.668, 13360, '2023-02-16 15:41:54', '2023-02-16 15:41:54'),
(154, 'RSP010', 'BHN012', 1.201, 72060, '2023-02-16 15:41:54', '2023-02-16 15:41:54'),
(155, 'RSP010', 'BHN013', 0.934, 37360, '2023-02-16 15:41:54', '2023-02-16 15:41:54'),
(156, 'RSP010', 'BHN014', 0.603, 30150, '2023-02-16 15:41:54', '2023-02-16 15:41:54'),
(157, 'RSP010', 'BHN015', 2.449, 71021, '2023-02-16 15:41:54', '2023-02-16 15:41:54'),
(158, 'RSP010', 'BHN016', 1.16, 88160, '2023-02-16 15:41:54', '2023-02-16 15:41:54'),
(159, 'RSP010', 'BHN024', 0.765, 24480, '2023-02-16 15:41:54', '2023-02-16 15:41:54');

-- --------------------------------------------------------

--
-- Table structure for table `databahan`
--

CREATE TABLE `databahan` (
  `kd_bahan` varchar(10) NOT NULL,
  `nm_bahan` varchar(50) NOT NULL,
  `harga_beli` int(11) NOT NULL,
  `stok` double NOT NULL,
  `ket` varchar(255) DEFAULT NULL,
  `created_at` timestamp NULL DEFAULT NULL,
  `updated_at` timestamp NULL DEFAULT NULL
) ENGINE=InnoDB DEFAULT CHARSET=utf8mb4 COLLATE=utf8mb4_unicode_ci;

--
-- Dumping data for table `databahan`
--

INSERT INTO `databahan` (`kd_bahan`, `nm_bahan`, `harga_beli`, `stok`, `ket`, `created_at`, `updated_at`) VALUES
('BHN001', 'Tepung Serbaguna', 12600, 37.535, 'Siap Pakai', '2023-02-12 13:42:15', '2023-02-17 12:34:19'),
('BHN002', 'Garam', 6000, 56.497, 'Siap Pakai', '2023-02-12 13:42:15', '2023-02-17 12:34:19'),
('BHN003', 'Gula Pasir', 10000, 33.769, 'Siap Pakai', '2023-02-12 13:42:15', '2023-02-17 12:34:19'),
('BHN004', 'Gula Bubuk', 10000, 27.931, 'Siap Pakai', '2023-02-12 13:42:15', '2023-02-17 12:34:19'),
('BHN005', 'Brown Sugar', 30000, 42.743, 'Siap Pakai', '2023-02-12 13:42:15', '2023-02-17 12:34:19'),
('BHN006', 'Baking Powder', 25000, 25.547, 'Siap Pakai', '2023-02-12 13:42:15', '2023-02-17 12:34:19'),
('BHN007', 'Baking Soda', 30000, 31.434, 'Siap Pakai', '2023-02-12 13:42:15', '2023-02-17 12:34:19'),
('BHN008', 'Ragi', 55000, 25.729, 'Siap Pakai', '2023-02-12 13:42:15', '2023-02-17 12:34:19'),
('BHN009', 'Susu Bubuk', 34000, 26.053, 'Siap Pakai', '2023-02-12 13:42:15', '2023-02-17 12:34:19'),
('BHN010', 'Maizena', 17000, 29.02, 'Siap Pakai', '2023-02-12 13:42:15', '2023-02-17 12:34:19'),
('BHN011', 'Minyak Sayur', 20000, 28.991, 'Siap Pakai', '2023-02-12 13:42:15', '2023-02-17 12:34:19'),
('BHN012', 'Lemak Nabati (Shortening)', 60000, 30.437, 'Siap Pakai', '2023-02-12 13:42:15', '2023-02-17 12:34:19'),
('BHN013', 'Bubuk Cokelat', 40000, 41.138, 'Siap Pakai', '2023-02-12 13:42:15', '2023-02-17 12:33:31'),
('BHN014', 'Rempah-Rempah', 50000, 30.296, 'Siap Pakai', '2023-02-12 13:42:15', '2023-02-17 12:33:31'),
('BHN015', 'Daging Ayam', 29000, 47.146, 'Siap Pakai', '2023-02-12 13:42:15', '2023-02-17 12:30:40'),
('BHN016', 'Keju', 76000, 33.414, 'Siap Pakai', '2023-02-12 13:42:15', '2023-02-17 12:34:19'),
('BHN017', 'Abon Sapi', 40000, 50, 'Siap Pakai', '2023-02-12 13:42:15', '2023-02-12 13:42:15'),
('BHN018', 'Pandan', 23000, 45.66, 'Siap Pakai', '2023-02-12 13:42:15', '2023-02-14 11:14:27'),
('BHN019', 'Mayones', 30000, 49.003, 'Siap Pakai', '2023-02-12 13:42:15', '2023-02-12 14:21:48'),
('BHN020', 'Bubuk Moca', 40000, 48.77, 'Siap Pakai', '2023-02-12 13:42:15', '2023-02-17 12:31:53'),
('BHN022', 'Sosis', 40000, 50, 'Siap Pakai', '2023-02-12 13:42:15', '2023-02-12 13:42:15'),
('BHN023', 'Cokelat Batang', 50000, 37.555, 'Siap Pakai', '2023-02-12 13:42:15', '2023-02-17 12:33:31'),
('BHN024', 'Telur', 32000, 11.388, 'Siap Pakai', '2023-02-12 13:42:15', '2023-02-17 12:34:19'),
('BHN025', 'Pisang', 15000, 50, 'Siap Pakai', '2023-02-14 05:43:00', '2023-02-14 05:43:00');

-- --------------------------------------------------------

--
-- Table structure for table `failed_jobs`
--

CREATE TABLE `failed_jobs` (
  `id` bigint(20) UNSIGNED NOT NULL,
  `uuid` varchar(255) NOT NULL,
  `connection` text NOT NULL,
  `queue` text NOT NULL,
  `payload` longtext NOT NULL,
  `exception` longtext NOT NULL,
  `failed_at` timestamp NOT NULL DEFAULT current_timestamp()
) ENGINE=InnoDB DEFAULT CHARSET=utf8mb4 COLLATE=utf8mb4_unicode_ci;

-- --------------------------------------------------------

--
-- Table structure for table `jabatan`
--

CREATE TABLE `jabatan` (
  `id_jabatan` int(10) UNSIGNED NOT NULL,
  `nm_jabatan` varchar(50) CHARACTER SET utf8 COLLATE utf8_general_ci NOT NULL,
  `created_at` timestamp NULL DEFAULT NULL,
  `updated_at` timestamp NULL DEFAULT NULL
) ENGINE=InnoDB DEFAULT CHARSET=utf8mb4 COLLATE=utf8mb4_unicode_ci;

--
-- Dumping data for table `jabatan`
--

INSERT INTO `jabatan` (`id_jabatan`, `nm_jabatan`, `created_at`, `updated_at`) VALUES
(1, 'Presiden Direktur', '2023-02-12 13:42:15', '2023-02-14 10:20:58'),
(2, 'Direktur', '2023-02-12 13:42:15', '2023-02-12 13:42:15'),
(3, 'Manager', '2023-02-12 13:42:15', '2023-02-12 13:42:15'),
(4, 'Supervisor', '2023-02-12 13:42:15', '2023-02-12 13:42:15'),
(5, 'Staff', '2023-02-12 13:42:15', '2023-02-12 13:42:15'),
(6, 'Sekretaris', '2023-02-12 13:42:15', '2023-02-12 13:42:15');

-- --------------------------------------------------------

--
-- Table structure for table `karyawan`
--

CREATE TABLE `karyawan` (
  `id_karyawan` int(10) UNSIGNED NOT NULL,
  `nip` varchar(11) NOT NULL,
  `nm_karyawan` varchar(99) NOT NULL,
  `kd_jabatan` int(11) NOT NULL,
  `jenis_kelamin` varchar(10) NOT NULL,
  `ttl` varchar(255) NOT NULL,
  `status` varchar(99) NOT NULL,
  `no_telp` varchar(15) NOT NULL,
  `alamat` text NOT NULL,
  `pendidikan` varchar(99) NOT NULL,
  `tanggal_masuk` date NOT NULL,
  `role` varchar(20) NOT NULL,
  `foto` text NOT NULL,
  `created_at` timestamp NULL DEFAULT NULL,
  `updated_at` timestamp NULL DEFAULT NULL
) ENGINE=InnoDB DEFAULT CHARSET=utf8mb4 COLLATE=utf8mb4_unicode_ci;

--
-- Dumping data for table `karyawan`
--

INSERT INTO `karyawan` (`id_karyawan`, `nip`, `nm_karyawan`, `kd_jabatan`, `jenis_kelamin`, `ttl`, `status`, `no_telp`, `alamat`, `pendidikan`, `tanggal_masuk`, `role`, `foto`, `created_at`, `updated_at`) VALUES
(1, '20210120060', 'Abil Alana', 5, 'Laki-laki', 'Cirebon, 1998-07-16', 'Menikah', '+6287738304144', 'JL. PANGERAN, KEC. KESAMBI, 45131, KOTA CIREBON, PROV. JAWA BARAT', 'D3', '1970-01-01', 'gudang', '20230214003734.webp', '2023-02-12 14:07:09', '2023-02-13 17:37:34'),
(2, '20210120061', 'Amelia Nadhifah', 5, 'Perempuan', 'Cirebon, 1999-06-15', 'Lajang', '+6283348497622', 'JL. AMPERA, KEC. GUNUNG JATI, 45131, KAB. CIREBON, PROV. JAWA BARAT', 'S1', '1970-01-01', 'produksi', '20230214003749.webp', '2023-02-12 14:09:18', '2023-02-13 17:37:49'),
(3, '20210120062', 'Annisa Dewi', 5, 'Perempuan', 'Cirebon, 1998-03-13', 'Lajang', '+6287727297333', 'JL. TUPAREV, KEC. LEMAHABANG, 45131, KOTA CIREBON, PROV. JAWA BARAT', 'D3', '1970-01-01', 'kasir', '20230214003809.webp', '2023-02-12 14:11:16', '2023-02-13 17:38:09'),
(4, '20210120063', 'Ega Permana', 3, 'Laki-laki', 'Cirebon, 2023-02-14', 'Lajang', '+6283337476533', 'JL. CIBOLONG, KEC. LEMAHABANG, 45131, KOTA CIREBON, PROV. JAWA BARAT', 'S1', '1970-01-01', 'backoffice', '20230214003824.webp', '2023-02-12 14:14:18', '2023-02-13 17:38:24'),
(5, '20210120064', 'Faris Ahmad', 5, 'Laki-laki', 'Cirebon, 2023-09-20', 'Lajang', '+6286676366333', 'JL. KESAMBI, KEC. KESAMBI, 45131, KOTA CIREBON, PROV. JAWA BARAT', 'D3', '1970-01-01', 'distribusi', '20230214003843.webp', '2023-02-12 14:18:46', '2023-02-13 17:38:43'),
(6, '20210120090', 'Sri Wulan', 2, 'Perempuan', 'Cirebon, 2023-08-29', 'Single', '+6285794912280', 'DUSUN 05, KEC. LEMAHABANG, 45183, KAB. CIREBON, PROV. JAWA BARAT', 'S1 Ekonomi Pembangunan', '1970-01-01', 'backoffice', '20230214131100.webp', '2023-02-14 06:11:00', '2023-02-14 06:11:00');

-- --------------------------------------------------------

--
-- Table structure for table `kwitansi`
--

CREATE TABLE `kwitansi` (
  `id` bigint(20) UNSIGNED NOT NULL,
  `no_kwitansi` varchar(99) NOT NULL,
  `order_id` varchar(255) NOT NULL,
  `status` int(11) NOT NULL DEFAULT 1,
  `created_at` timestamp NULL DEFAULT NULL,
  `updated_at` timestamp NULL DEFAULT NULL
) ENGINE=InnoDB DEFAULT CHARSET=utf8mb4 COLLATE=utf8mb4_unicode_ci;

--
-- Dumping data for table `kwitansi`
--

INSERT INTO `kwitansi` (`id`, `no_kwitansi`, `order_id`, `status`, `created_at`, `updated_at`) VALUES
(10, 'ORDER001', '10', 2, '2023-02-14 13:57:12', '2023-02-14 13:57:17'),
(11, 'ORDER002', '11', 2, '2023-02-14 13:58:11', '2023-02-14 13:58:16'),
(12, 'ORDER003', '12', 2, '2023-02-14 13:59:19', '2023-02-14 13:59:25'),
(13, 'ORDER004', '13', 2, '2023-02-14 14:02:58', '2023-02-14 14:03:10'),
(14, 'ORDER005', '14', 2, '2023-02-14 15:08:39', '2023-02-14 15:09:00'),
(15, 'ORDER006', '15', 1, '2023-02-16 07:07:07', '2023-02-16 07:07:07');

-- --------------------------------------------------------

--
-- Table structure for table `lokasipengiriman`
--

CREATE TABLE `lokasipengiriman` (
  `id_lokasiPengiriman` int(10) UNSIGNED NOT NULL,
  `tempat` varchar(50) NOT NULL,
  `alamat` text NOT NULL,
  `created_at` timestamp NULL DEFAULT NULL,
  `updated_at` timestamp NULL DEFAULT NULL
) ENGINE=InnoDB DEFAULT CHARSET=utf8mb4 COLLATE=utf8mb4_unicode_ci;

--
-- Dumping data for table `lokasipengiriman`
--

INSERT INTO `lokasipengiriman` (`id_lokasiPengiriman`, `tempat`, `alamat`, `created_at`, `updated_at`) VALUES
(1, 'CSB', '7HH2+R5Q, Jl. Cipto Mangunkusumo, Pekiringan, Kec. Kesambi, Kota Cirebon, Jawa Barat 45131', '2023-02-12 13:42:15', '2023-02-14 14:08:04'),
(2, 'Surya Kuningan', 'Jl. Siliwangi No.99, Kuningan, Kec. Kuningan, Kabupaten Kuningan, Jawa Barat 45511 Surya kuningan', '2023-02-12 13:42:15', '2023-02-14 14:08:54'),
(3, 'Surya Sumber', 'Jl. R.Dewi Sartika No.3, Tukmudal, Kec. Sumber, Kabupaten Cirebon, Jawa Barat 45611', '2023-02-12 13:42:15', '2023-02-14 14:06:26'),
(4, 'Asia', 'Jl. Karanggetas No.25-27, Panjunan, Kec. Lemahwungkuk, Kota Cirebon, Jawa Barat 45112', '2023-02-12 13:42:15', '2023-02-14 14:05:07'),
(5, 'Grage Mall', 'Jl. Tentara Pelajar No.1, Kejaksan, Kec. Kejaksan, Kota Cirebon, Jawa Barat 45123', '2023-02-12 13:42:15', '2023-02-14 14:12:31'),
(6, 'Garasi Cafe', 'Jl. Tuparev No.9, Sutawinangun, Kec. Kedawung, Kabupaten Cirebon, Jawa Barat 45153', '2023-02-12 13:42:15', '2023-02-14 14:14:54');

-- --------------------------------------------------------

--
-- Table structure for table `migrations`
--

CREATE TABLE `migrations` (
  `id` int(10) UNSIGNED NOT NULL,
  `migration` varchar(255) NOT NULL,
  `batch` int(11) NOT NULL
) ENGINE=InnoDB DEFAULT CHARSET=utf8mb4 COLLATE=utf8mb4_unicode_ci;

--
-- Dumping data for table `migrations`
--

INSERT INTO `migrations` (`id`, `migration`, `batch`) VALUES
(1, '2014_10_12_000000_create_users_table', 1),
(2, '2014_10_12_100000_create_password_resets_table', 1),
(3, '2019_08_19_000000_create_failed_jobs_table', 1),
(4, '2019_12_14_000001_create_personal_access_tokens_table', 1),
(5, '2022_12_05_050548_tbl_bahan_masuk', 1),
(6, '2022_12_05_065949_tbl_data_bahan', 1),
(7, '2022_12_05_071558_tbl_bahan_keluar', 1),
(8, '2022_12_06_034921_tbl_produk_jadi', 1),
(9, '2022_12_06_062732_tbl__produk_masuk', 1),
(10, '2022_12_06_063942_tbl_resep', 1),
(11, '2022_12_16_132339_tbl_mobil', 1),
(12, '2022_12_16_133225_tbl_sopir', 1),
(13, '2022_12_27_165245_tbl_jabatan', 1),
(14, '2022_12_28_040103_tbl_karyawan', 1),
(15, '2023_01_05_200805_tbl__produk_keluar', 1),
(16, '2023_01_10_201335_tbl_buat_resep', 1),
(17, '2023_01_23_110732_tbl_pengiriman_produk', 1),
(18, '2023_01_30_002558_tbl_lokasi_pengiriman', 1),
(19, '2023_02_03_185901_create_pos_orders_table', 1),
(20, '2023_02_03_190253_create_pos_order_details_table', 1),
(21, '2023_02_03_190448_create_pos_temps_table', 1),
(22, '2023_02_05_202807_create_kwitansi_table', 1);

-- --------------------------------------------------------

--
-- Table structure for table `mobil`
--

CREATE TABLE `mobil` (
  `kd_mobil` varchar(10) NOT NULL,
  `merk` varchar(50) NOT NULL,
  `plat_nomor` varchar(15) NOT NULL,
  `ket` text DEFAULT NULL,
  `created_at` timestamp NULL DEFAULT NULL,
  `updated_at` timestamp NULL DEFAULT NULL
) ENGINE=InnoDB DEFAULT CHARSET=utf8mb4 COLLATE=utf8mb4_unicode_ci;

--
-- Dumping data for table `mobil`
--

INSERT INTO `mobil` (`kd_mobil`, `merk`, `plat_nomor`, `ket`, `created_at`, `updated_at`) VALUES
('MBL001', 'Isuzu', 'E 4532 BN', NULL, '2023-02-12 14:38:25', '2023-02-12 14:38:25'),
('MBL002', 'Toyota', 'E 4032 NT', NULL, '2023-02-12 14:38:53', '2023-02-12 14:38:53');

-- --------------------------------------------------------

--
-- Table structure for table `password_resets`
--

CREATE TABLE `password_resets` (
  `email` varchar(255) NOT NULL,
  `token` varchar(255) NOT NULL,
  `created_at` timestamp NULL DEFAULT NULL
) ENGINE=InnoDB DEFAULT CHARSET=utf8mb4 COLLATE=utf8mb4_unicode_ci;

-- --------------------------------------------------------

--
-- Table structure for table `pengirimanproduk`
--

CREATE TABLE `pengirimanproduk` (
  `id_pengirimanProduk` int(10) UNSIGNED NOT NULL,
  `kd_produk` varchar(10) NOT NULL,
  `id_produkKeluar` int(11) NOT NULL,
  `kd_sopir` varchar(10) NOT NULL,
  `kd_mobil` varchar(10) NOT NULL,
  `id_lokasi` int(11) NOT NULL,
  `status` int(11) NOT NULL,
  `bukti_foto` text DEFAULT NULL,
  `nm_penerima` varchar(100) DEFAULT NULL,
  `created_at` timestamp NULL DEFAULT NULL,
  `updated_at` timestamp NULL DEFAULT NULL
) ENGINE=InnoDB DEFAULT CHARSET=utf8mb4 COLLATE=utf8mb4_unicode_ci;

--
-- Dumping data for table `pengirimanproduk`
--

INSERT INTO `pengirimanproduk` (`id_pengirimanProduk`, `kd_produk`, `id_produkKeluar`, `kd_sopir`, `kd_mobil`, `id_lokasi`, `status`, `bukti_foto`, `nm_penerima`, `created_at`, `updated_at`) VALUES
(1, 'PRDK001', 1, 'SPR001', 'MBL001', 2, 2, '20230214005900.webp', 'Sugianto', '2023-02-12 14:46:07', '2023-02-13 17:59:00'),
(2, 'PRDK001', 3, 'SPR001', 'MBL001', 2, 2, '20230214005817.webp', 'Sugianto', '2023-02-12 14:46:10', '2023-02-13 17:58:17'),
(7, 'PRDK0012', 2, 'SPR002', 'MBL002', 5, 2, '20230212215315.webp', 'T\'challa', '2023-02-12 14:50:52', '2023-02-12 14:53:15'),
(8, 'PRDK0012', 4, 'SPR002', 'MBL002', 5, 2, '20230212215220.webp', 'T\'challa', '2023-02-12 14:50:54', '2023-02-12 14:52:21'),
(9, 'PRDK001', 5, 'SPR003', 'MBL001', 4, 2, '20230214012346.webp', 'Reno', '2023-02-13 18:01:47', '2023-02-13 18:23:46'),
(10, 'PRDK001', 6, 'SPR003', 'MBL001', 4, 2, '20230214012326.webp', 'Roy', '2023-02-13 18:01:51', '2023-02-13 18:23:27'),
(11, 'PRDK001', 7, 'SPR001', 'MBL001', 1, 2, '20230214183020.webp', 'Reno', '2023-02-14 11:29:39', '2023-02-14 11:30:20');

-- --------------------------------------------------------

--
-- Table structure for table `personal_access_tokens`
--

CREATE TABLE `personal_access_tokens` (
  `id` bigint(20) UNSIGNED NOT NULL,
  `tokenable_type` varchar(255) NOT NULL,
  `tokenable_id` bigint(20) UNSIGNED NOT NULL,
  `name` varchar(255) NOT NULL,
  `token` varchar(64) NOT NULL,
  `abilities` text DEFAULT NULL,
  `last_used_at` timestamp NULL DEFAULT NULL,
  `created_at` timestamp NULL DEFAULT NULL,
  `updated_at` timestamp NULL DEFAULT NULL
) ENGINE=InnoDB DEFAULT CHARSET=utf8mb4 COLLATE=utf8mb4_unicode_ci;

-- --------------------------------------------------------

--
-- Table structure for table `pos_orders`
--

CREATE TABLE `pos_orders` (
  `id` bigint(20) UNSIGNED NOT NULL,
  `no_referensi` varchar(99) NOT NULL,
  `total` int(11) NOT NULL,
  `bayar` int(11) NOT NULL,
  `created_at` timestamp NULL DEFAULT NULL,
  `updated_at` timestamp NULL DEFAULT NULL
) ENGINE=InnoDB DEFAULT CHARSET=utf8mb4 COLLATE=utf8mb4_unicode_ci;

--
-- Dumping data for table `pos_orders`
--

INSERT INTO `pos_orders` (`id`, `no_referensi`, `total`, `bayar`, `created_at`, `updated_at`) VALUES
(10, 'REF001', 36832, 40000, '2023-02-14 13:57:11', '2023-02-14 13:57:11'),
(11, 'REF002', 44853, 50000, '2023-02-14 13:58:11', '2023-02-14 13:58:11'),
(12, 'REF003', 47881, 50000, '2023-02-14 13:59:19', '2023-02-14 13:59:19'),
(13, 'REF004', 18874, 20000, '2023-02-14 14:02:58', '2023-02-14 14:02:58'),
(14, 'REF005', 27186, 30000, '2023-02-14 15:08:39', '2023-02-14 15:08:39'),
(15, 'REF006', 8926, 10000, '2023-02-16 07:07:07', '2023-02-16 07:07:07');

-- --------------------------------------------------------

--
-- Table structure for table `pos_order_details`
--

CREATE TABLE `pos_order_details` (
  `id` bigint(20) UNSIGNED NOT NULL,
  `order_id` int(11) NOT NULL,
  `produk_id` varchar(255) NOT NULL,
  `jumlah` int(11) NOT NULL,
  `harga` int(11) NOT NULL,
  `created_at` timestamp NULL DEFAULT NULL,
  `updated_at` timestamp NULL DEFAULT NULL
) ENGINE=InnoDB DEFAULT CHARSET=utf8mb4 COLLATE=utf8mb4_unicode_ci;

--
-- Dumping data for table `pos_order_details`
--

INSERT INTO `pos_order_details` (`id`, `order_id`, `produk_id`, `jumlah`, `harga`, `created_at`, `updated_at`) VALUES
(15, 10, 'PRDK002', 3, 25604, '2023-02-14 13:57:11', '2023-02-14 13:57:11'),
(16, 10, 'PRDK003', 1, 9474, '2023-02-14 13:57:12', '2023-02-14 13:57:12'),
(17, 11, 'PRDK001', 3, 25504, '2023-02-14 13:58:11', '2023-02-14 13:58:11'),
(18, 11, 'PRDK002', 1, 8535, '2023-02-14 13:58:11', '2023-02-14 13:58:11'),
(19, 11, 'PRDK004', 1, 8678, '2023-02-14 13:58:11', '2023-02-14 13:58:11'),
(20, 12, 'PRDK001', 1, 8501, '2023-02-14 13:59:19', '2023-02-14 13:59:19'),
(21, 12, 'PRDK003', 3, 28422, '2023-02-14 13:59:19', '2023-02-14 13:59:19'),
(22, 12, 'PRDK004', 1, 8678, '2023-02-14 13:59:19', '2023-02-14 13:59:19'),
(23, 13, 'PRDK003', 1, 9474, '2023-02-14 14:02:58', '2023-02-14 14:02:58'),
(24, 13, 'PRDK001', 1, 8501, '2023-02-14 14:02:58', '2023-02-14 14:02:58'),
(25, 14, 'PRDK004', 2, 17356, '2023-02-14 15:08:39', '2023-02-14 15:08:39'),
(26, 14, 'PRDK002', 1, 8535, '2023-02-14 15:08:39', '2023-02-14 15:08:39'),
(27, 15, 'PRDK001', 1, 8501, '2023-02-16 07:07:07', '2023-02-16 07:07:07');

-- --------------------------------------------------------

--
-- Table structure for table `pos_temps`
--

CREATE TABLE `pos_temps` (
  `id` bigint(20) UNSIGNED NOT NULL,
  `produk_id` varchar(255) NOT NULL,
  `jumlah` int(11) NOT NULL,
  `harga` int(11) NOT NULL,
  `created_at` timestamp NULL DEFAULT NULL,
  `updated_at` timestamp NULL DEFAULT NULL
) ENGINE=InnoDB DEFAULT CHARSET=utf8mb4 COLLATE=utf8mb4_unicode_ci;

-- --------------------------------------------------------

--
-- Table structure for table `produkjadi`
--

CREATE TABLE `produkjadi` (
  `kd_produk` varchar(10) NOT NULL,
  `nm_produk` varchar(50) NOT NULL,
  `stok` int(11) NOT NULL,
  `modal` double DEFAULT NULL,
  `harga_jual` double DEFAULT NULL,
  `berat` double NOT NULL,
  `ket` varchar(255) DEFAULT NULL,
  `foto` text NOT NULL,
  `created_at` timestamp NULL DEFAULT NULL,
  `updated_at` timestamp NULL DEFAULT NULL
) ENGINE=InnoDB DEFAULT CHARSET=utf8mb4 COLLATE=utf8mb4_unicode_ci;

--
-- Dumping data for table `produkjadi`
--

INSERT INTO `produkjadi` (`kd_produk`, `nm_produk`, `stok`, `modal`, `harga_jual`, `berat`, `ket`, `foto`, `created_at`, `updated_at`) VALUES
('PRDK001', 'Roti Ayam', 358, 2125.3317053341, 8501.3268213366, 0.05, 'Ready', '20230214003244.webp', '2023-02-12 13:42:15', '2023-02-16 07:07:07'),
('PRDK0010', 'Roti Long Cheese', 0, 0, 0, 0.05, 'Ready', '20230214111814.webp', '2023-02-12 13:42:15', '2023-02-14 04:18:15'),
('PRDK0011', 'Roti Mayones Keju', 390, 2428.0295200526, 9712.1180802104, 0.05, 'Ready', '20230214003507.webp', '2023-02-12 13:42:15', '2023-02-13 17:35:08'),
('PRDK0012', 'Roti Moca', 339, 1920.0644042061, 7680.2576168244, 0.05, 'Ready', '20230214003551.webp', '2023-02-12 13:42:15', '2023-02-13 17:35:52'),
('PRDK0013', 'Roti Onion Bread', 0, 0, 0, 0.05, 'Ready', '20230214111910.webp', '2023-02-12 13:42:15', '2023-02-14 04:19:11'),
('PRDK0014', 'Roti Pisang Keju', 0, 0, 0, 0.05, 'Ready', '20230214112004.webp', '2023-02-12 13:42:15', '2023-02-14 04:20:04'),
('PRDK0015', 'Roti Pizza Silce', 0, 0, 0, 0.05, 'Ready', 'roti.webp', '2023-02-12 13:42:15', '2023-02-12 13:42:15'),
('PRDK0016', 'Roti Polo Cokelat', 0, 0, 0, 0.05, 'Ready', 'roti.webp', '2023-02-12 13:42:15', '2023-02-12 13:42:15'),
('PRDK0017', 'Roti Polo Susu', 0, 0, 0, 0.05, 'Ready', 'roti.webp', '2023-02-12 13:42:15', '2023-02-12 13:42:15'),
('PRDK0018', 'Roti Abon', 0, 0, 0, 0.05, 'Ready', 'roti.webp', '2023-02-12 13:42:15', '2023-02-12 13:42:15'),
('PRDK0019', 'Roti Tiga Rasa', 0, 0, 0, 0.05, 'Ready', 'roti.webp', '2023-02-12 13:42:15', '2023-02-12 13:42:15'),
('PRDK002', 'Roti Cokelat Cream', 191, 2133.6894932245, 8534.7579728982, 0.05, 'Ready', '20230214003315.webp', '2023-02-12 13:42:15', '2023-02-14 15:08:39'),
('PRDK0020', 'Roti Sosis', 0, 0, 0, 0.05, 'Ready', 'roti.webp', '2023-02-12 13:42:15', '2023-02-12 13:42:15'),
('PRDK003', 'Roti Cokelat Keju', 591, 2368.522329708, 9474.089318832, 0.05, 'Ready', '20230214003342.webp', '2023-02-12 13:42:15', '2023-02-17 12:33:31'),
('PRDK004', 'Roti Cokelat Pandan', 219, 2169.5132133095, 8678.0528532378, 0.05, 'Ready', '20230214003413.webp', '2023-02-12 13:42:15', '2023-02-16 15:45:40'),
('PRDK005', 'Roti Cokelat Susu', 473, 2094.0570493767, 8376.2281975068, 0.05, 'Ready', '20230214111242.webp', '2023-02-12 13:42:15', '2023-02-16 15:44:25'),
('PRDK006', 'Roti Crumble Cheese', 1437, 2092.6908050436, 8370.7632201742, 0.05, 'Ready', '20230214111418.webp', '2023-02-12 13:42:15', '2023-02-17 12:34:19'),
('PRDK007', 'Roti Keju Cream', 438, 2242.7817997957, 8971.1271991827, 0.05, 'Ready', '20230214111458.webp', '2023-02-12 13:42:15', '2023-02-16 15:43:35'),
('PRDK008', 'Roti Keju Susu', 440, 2398.2719214876, 9593.0876859504, 0.05, 'Ready', '20230214111524.webp', '2023-02-12 13:42:15', '2023-02-16 15:44:01'),
('PRDK009', 'll', 24, NULL, NULL, 0.05, 'llll', '/tmp/phpnkMXqh', '2023-02-17 12:38:47', '2023-02-17 12:38:47');

-- --------------------------------------------------------

--
-- Table structure for table `produkkeluar`
--

CREATE TABLE `produkkeluar` (
  `id_produkKeluar` int(10) UNSIGNED NOT NULL,
  `kd_produk` varchar(10) NOT NULL,
  `nip_karyawan` varchar(255) NOT NULL,
  `jumlah` int(11) NOT NULL,
  `tgl_keluar` date NOT NULL,
  `harga_jual` int(11) NOT NULL,
  `total` double NOT NULL,
  `ket` varchar(255) DEFAULT NULL,
  `stts` int(11) NOT NULL,
  `created_at` timestamp NULL DEFAULT NULL,
  `updated_at` timestamp NULL DEFAULT NULL
) ENGINE=InnoDB DEFAULT CHARSET=utf8mb4 COLLATE=utf8mb4_unicode_ci;

--
-- Dumping data for table `produkkeluar`
--

INSERT INTO `produkkeluar` (`id_produkKeluar`, `kd_produk`, `nip_karyawan`, `jumlah`, `tgl_keluar`, `harga_jual`, `total`, `ket`, `stts`, `created_at`, `updated_at`) VALUES
(1, 'PRDK001', '20210120099', 60, '2023-02-12', 8501, 510079.6092802, NULL, 1, '2023-02-12 14:24:29', '2023-02-12 14:40:59'),
(2, 'PRDK0012', '20210120099', 70, '2023-01-20', 7680, 537618.03317771, NULL, 1, '2023-02-12 14:25:09', '2023-02-12 14:50:20'),
(3, 'PRDK002', '20210120099', 200, '2023-02-12', 8535, 1706951.5945796, NULL, 1, '2023-02-12 14:30:33', '2023-02-12 14:40:59'),
(4, 'PRDK003', '20210120099', 350, '2023-02-12', 9474, 3315931.2615912, NULL, 1, '2023-02-12 14:32:55', '2023-02-12 14:50:20'),
(5, 'PRDK001', '20210120099', 250, '2023-02-12', 8501, 2125331.7053341, 'Diubah', 1, '2023-02-12 15:11:09', '2023-02-13 17:56:56'),
(6, 'PRDK003', '20210120063', 120, '2023-01-10', 9474, 1136890.7182598, 'dikirim ke asia', 1, '2023-02-13 17:42:01', '2023-02-13 17:56:56'),
(7, 'PRDK001', '20210120063', 10, '2023-02-14', 8501, 85013.268213366, NULL, 1, '2023-02-14 11:16:31', '2023-02-14 11:26:57'),
(8, 'PRDK001', '20210120063', 20, '2023-02-14', 8501, 170026.53642673, NULL, 0, '2023-02-14 12:38:20', '2023-02-14 12:38:20'),
(9, 'PRDK004', '20210120063', 800, '2023-02-16', 8678, 6942442.2825902, NULL, 0, '2023-02-16 15:45:40', '2023-02-16 15:45:40');

-- --------------------------------------------------------

--
-- Table structure for table `produkmasuk`
--

CREATE TABLE `produkmasuk` (
  `id_produkMasuk` int(10) UNSIGNED NOT NULL,
  `kd_produk` varchar(10) NOT NULL,
  `nip_karyawan` varchar(255) NOT NULL,
  `jumlah` int(11) NOT NULL,
  `tgl_produksi` date NOT NULL,
  `tgl_expired` date NOT NULL,
  `total` double NOT NULL,
  `ket` varchar(255) DEFAULT NULL,
  `created_at` timestamp NULL DEFAULT NULL,
  `updated_at` timestamp NULL DEFAULT NULL
) ENGINE=InnoDB DEFAULT CHARSET=utf8mb4 COLLATE=utf8mb4_unicode_ci;

--
-- Dumping data for table `produkmasuk`
--

INSERT INTO `produkmasuk` (`id_produkMasuk`, `kd_produk`, `nip_karyawan`, `jumlah`, `tgl_produksi`, `tgl_expired`, `total`, `ket`, `created_at`, `updated_at`) VALUES
(1, 'PRDK001', '20210120099', 409, '2023-02-12', '2023-02-16', 869260.66748165, NULL, '2023-02-12 14:00:40', '2023-02-12 14:00:40'),
(2, 'PRDK002', '20210120099', 401, '2023-02-12', '2023-02-16', 855609.48678302, NULL, '2023-02-12 14:01:54', '2023-02-12 14:01:54'),
(3, 'PRDK003', '20210120099', 538, '2023-02-12', '2023-02-16', 1274265.0133829, NULL, '2023-02-12 14:02:09', '2023-02-12 14:02:09'),
(4, 'PRDK004', '20210120099', 515, '2023-02-12', '2023-02-16', 1117299.3048544, NULL, '2023-02-12 14:02:22', '2023-02-12 14:02:22'),
(5, 'PRDK0012', '20210120099', 409, '2023-02-12', '2023-02-16', 785306.34132029, NULL, '2023-02-12 14:02:45', '2023-02-12 14:02:45'),
(6, 'PRDK0011', '20210120099', 390, '2023-01-12', '2023-01-16', 946931.51282051, NULL, '2023-02-12 14:21:48', '2023-02-12 14:21:48'),
(8, 'PRDK004', '20210120061', 515, '2023-02-14', '2023-02-14', 1117299.3048544, NULL, '2023-02-14 11:14:27', '2023-02-14 11:14:27'),
(9, 'PRDK006', '20210120063', 479, '2023-02-16', '2023-02-20', 1002398.8956159, NULL, '2023-02-16 15:42:39', '2023-02-16 15:42:39'),
(10, 'PRDK007', '20210120063', 438, '2023-02-16', '2023-02-20', 982338.42831052, NULL, '2023-02-16 15:43:35', '2023-02-16 15:43:35'),
(11, 'PRDK008', '20210120063', 440, '2023-02-16', '2023-02-21', 1055239.6454545, NULL, '2023-02-16 15:44:02', '2023-02-16 15:44:02'),
(12, 'PRDK005', '20210120063', 473, '2023-02-16', '2023-02-22', 990488.98435518, NULL, '2023-02-16 15:44:25', '2023-02-16 15:44:25'),
(13, 'PRDK003', '20210120099', 538, '2023-02-17', '2023-02-17', 1274265.0133829, NULL, '2023-02-17 12:33:31', '2023-02-17 12:33:31'),
(14, 'PRDK006', '20210120099', 479, '2023-02-17', '2023-02-18', 1002398.8956159, NULL, '2023-02-17 12:33:59', '2023-02-17 12:33:59'),
(15, 'PRDK006', '20210120099', 479, '2023-02-17', '2023-02-17', 1002398.8956159, NULL, '2023-02-17 12:34:19', '2023-02-17 12:34:19');

-- --------------------------------------------------------

--
-- Table structure for table `resep`
--

CREATE TABLE `resep` (
  `kd_resep` varchar(10) NOT NULL,
  `kd_produk` varchar(10) NOT NULL,
  `tot_jumlahPakai` double NOT NULL,
  `tot_hargaPakai` double NOT NULL,
  `tot_cost` double NOT NULL,
  `roti_terbuat` double NOT NULL,
  `biaya_tenaga_kerja` double NOT NULL,
  `biaya_kemasan` double NOT NULL,
  `biaya_peralatan_operasional` double NOT NULL,
  `created_at` timestamp NULL DEFAULT NULL,
  `updated_at` timestamp NULL DEFAULT NULL
) ENGINE=InnoDB DEFAULT CHARSET=utf8mb4 COLLATE=utf8mb4_unicode_ci;

--
-- Dumping data for table `resep`
--

INSERT INTO `resep` (`kd_resep`, `kd_produk`, `tot_jumlahPakai`, `tot_hargaPakai`, `tot_cost`, `roti_terbuat`, `biaya_tenaga_kerja`, `biaya_kemasan`, `biaya_peralatan_operasional`, `created_at`, `updated_at`) VALUES
('RSP001', 'PRDK001', 20.439, 610087, 2125.3317053341, 409, 2221.5354523227, 251944, 5008.1320293399, '2023-02-12 13:48:53', '2023-02-12 13:48:53'),
('RSP002', 'PRDK0011', 19.499, 682673.4, 2428.0295200526, 390, 2597.7692307692, 257400, 4260.3435897436, '2023-02-12 13:50:17', '2023-02-12 13:50:17'),
('RSP003', 'PRDK002', 20.045, 578199.2, 2133.6894932245, 401, 2619.2693266833, 268670, 6121.0174563591, '2023-02-12 13:52:59', '2023-02-12 13:52:59'),
('RSP004', 'PRDK003', 26.922, 984092.4, 2368.522329708, 538, 2129.4237918216, 284064, 3979.1895910781, '2023-02-12 13:53:58', '2023-02-12 13:53:58'),
('RSP005', 'PRDK004', 25.766, 818206.4, 2169.5132133095, 515, 2212.7961165049, 292520, 4360.1087378641, '2023-02-12 13:54:51', '2023-02-12 13:54:51'),
('RSP006', 'PRDK0012', 20.459, 576207.4, 1920.0644042061, 409, 2681.4425427873, 202046, 4371.4987775061, '2023-02-12 13:55:56', '2023-02-12 13:55:56'),
('RSP007', 'PRDK005', 23.628, 748090.2, 2094.0570493767, 473, 2313.9281183932, 236500, 3584.8562367865, '2023-02-14 04:10:49', '2023-02-14 04:10:49'),
('RSP008', 'PRDK006', 23.971, 721067, 2092.6908050436, 479, 2169.9561586639, 275425, 3736.9394572025, '2023-02-16 15:39:52', '2023-02-16 15:39:52'),
('RSP009', 'PRDK008', 21.995, 811274, 2398.2719214876, 440, 2515.2363636364, 237600, 3850.4090909091, '2023-02-16 15:40:52', '2023-02-16 15:40:52'),
('RSP010', 'PRDK007', 21.905, 693641.2, 2242.7817997957, 438, 2101.8447488584, 282510, 4085.3835616438, '2023-02-16 15:41:54', '2023-02-16 15:41:54');

-- --------------------------------------------------------

--
-- Table structure for table `sopir`
--

CREATE TABLE `sopir` (
  `kd_sopir` varchar(10) NOT NULL,
  `nm_sopir` varchar(50) NOT NULL,
  `no_ktp` varchar(16) NOT NULL,
  `jenis_kelamin` varchar(15) NOT NULL,
  `alamat` varchar(155) NOT NULL,
  `foto` text NOT NULL,
  `created_at` timestamp NULL DEFAULT NULL,
  `updated_at` timestamp NULL DEFAULT NULL
) ENGINE=InnoDB DEFAULT CHARSET=utf8mb4 COLLATE=utf8mb4_unicode_ci;

--
-- Dumping data for table `sopir`
--

INSERT INTO `sopir` (`kd_sopir`, `nm_sopir`, `no_ktp`, `jenis_kelamin`, `alamat`, `foto`, `created_at`, `updated_at`) VALUES
('SPR001', 'Ibrahim', '3276478748939393', 'Laki-laki', 'JL.Cipto', '20230214004227.webp', '2023-02-12 14:36:11', '2023-02-13 17:42:27'),
('SPR002', 'Naufal Rahman', '3278538378482754', 'Laki-laki', 'JL.Gronggol', '20230214004242.webp', '2023-02-12 14:36:51', '2023-02-13 17:42:42'),
('SPR003', 'M Ghufron', '3289484857473948', 'Laki-laki', 'JL.Cideng', '20230214004258.webp', '2023-02-12 14:37:35', '2023-02-13 17:42:58');

-- --------------------------------------------------------

--
-- Table structure for table `users`
--

CREATE TABLE `users` (
  `id` int(10) UNSIGNED NOT NULL,
  `name` varchar(255) NOT NULL,
  `nip` varchar(255) NOT NULL,
  `password` varchar(255) NOT NULL,
  `remember_token` varchar(100) DEFAULT NULL,
  `role` varchar(255) NOT NULL,
  `id_karyawan` varchar(11) NOT NULL,
  `created_at` timestamp NULL DEFAULT NULL,
  `updated_at` timestamp NULL DEFAULT NULL
) ENGINE=InnoDB DEFAULT CHARSET=utf8mb4 COLLATE=utf8mb4_unicode_ci;

--
-- Dumping data for table `users`
--

INSERT INTO `users` (`id`, `name`, `nip`, `password`, `remember_token`, `role`, `id_karyawan`, `created_at`, `updated_at`) VALUES
(1, 'backoffice', '20210120099', '$2y$10$pUj09p4qjVKJoGjiOPDjreDjtgU5m1Hlp/mJglcgCgee0SQtLH30C', NULL, 'backoffice', '0', '2023-02-12 13:42:15', '2023-02-12 13:42:15'),
(2, 'Ibrahim', '3276478748939393', '$2y$10$0T0VFNkyRaPfn6LxOICQue7IuVfwJlFijIecMUDmxLmAjP9HBgkym', NULL, 'sopir', 'SPR001', '2023-02-12 14:36:11', '2023-02-13 17:42:28'),
(3, 'Naufal Rahman', '3278538378482754', '$2y$10$BFvm6HXhDy8RKdYysgFiTetF4k.CGodTL1ZMeaO/csc4K7bZryPPO', NULL, 'sopir', 'SPR002', '2023-02-12 14:36:51', '2023-02-13 17:42:42'),
(4, 'M Ghufron', '3289484857473948', '$2y$10$BCCQIm/xHd6E1FCVEy29Bu.IpJtLaukJLYBBHadKs.E3c0q5IXyem', NULL, 'sopir', 'SPR003', '2023-02-12 14:37:35', '2023-02-13 17:42:58'),
(5, 'Annisa Dewi', '20210120062', '$2y$10$U62Bi7cbCgm2GLnKGyMEbuoLE6X5fRFHggKN/dwzPJNnLwRrufFcO', NULL, 'kasir', '3', '2023-02-12 14:55:27', '2023-02-12 14:55:27'),
(6, 'Ega Permana', '20210120063', '$2y$10$4XwUrwZVF83vziPN6QW/aeAp/RX3p.O6vwnhXoBFYSoaRRII47DWC', NULL, 'backoffice', '4', '2023-02-12 20:26:51', '2023-02-12 20:26:51'),
(7, 'Faris Ahmad', '20210120064', '$2y$10$2vEWPRqjzvEozGmErSeNy.5etnMv61s3JDhtlGO5M9CnDFgHheSTW', NULL, 'distribusi', '5', '2023-02-13 17:46:08', '2023-02-13 17:46:08'),
(8, 'Abil Alana', '20210120060', '$2y$10$/pU7QWtLhAiV3Dh4qT2MzebirA/kPsWLzK6RhAziarfyxi26VHA/e', NULL, 'gudang', '1', '2023-02-14 05:40:28', '2023-02-14 05:40:28'),
(9, 'Amelia Nadhifah', '20210120061', '$2y$10$HXXKvWxer82sO5MJTd9wzuS3bXLDN5ABo15hX8vAuGO84WoPQs4ea', NULL, 'produksi', '2', '2023-02-14 09:59:32', '2023-02-14 09:59:32');

--
-- Indexes for dumped tables
--

--
-- Indexes for table `bahankeluar`
--
ALTER TABLE `bahankeluar`
  ADD PRIMARY KEY (`id_bahanKeluar`);

--
-- Indexes for table `bahanmasuk`
--
ALTER TABLE `bahanmasuk`
  ADD PRIMARY KEY (`id_bahanMasuk`);

--
-- Indexes for table `buatresep`
--
ALTER TABLE `buatresep`
  ADD PRIMARY KEY (`id_buatResep`);

--
-- Indexes for table `databahan`
--
ALTER TABLE `databahan`
  ADD PRIMARY KEY (`kd_bahan`);

--
-- Indexes for table `failed_jobs`
--
ALTER TABLE `failed_jobs`
  ADD PRIMARY KEY (`id`),
  ADD UNIQUE KEY `failed_jobs_uuid_unique` (`uuid`);

--
-- Indexes for table `jabatan`
--
ALTER TABLE `jabatan`
  ADD PRIMARY KEY (`id_jabatan`);

--
-- Indexes for table `karyawan`
--
ALTER TABLE `karyawan`
  ADD PRIMARY KEY (`id_karyawan`);

--
-- Indexes for table `kwitansi`
--
ALTER TABLE `kwitansi`
  ADD PRIMARY KEY (`id`);

--
-- Indexes for table `lokasipengiriman`
--
ALTER TABLE `lokasipengiriman`
  ADD PRIMARY KEY (`id_lokasiPengiriman`);

--
-- Indexes for table `migrations`
--
ALTER TABLE `migrations`
  ADD PRIMARY KEY (`id`);

--
-- Indexes for table `mobil`
--
ALTER TABLE `mobil`
  ADD PRIMARY KEY (`kd_mobil`);

--
-- Indexes for table `password_resets`
--
ALTER TABLE `password_resets`
  ADD KEY `password_resets_email_index` (`email`);

--
-- Indexes for table `pengirimanproduk`
--
ALTER TABLE `pengirimanproduk`
  ADD PRIMARY KEY (`id_pengirimanProduk`);

--
-- Indexes for table `personal_access_tokens`
--
ALTER TABLE `personal_access_tokens`
  ADD PRIMARY KEY (`id`),
  ADD UNIQUE KEY `personal_access_tokens_token_unique` (`token`),
  ADD KEY `personal_access_tokens_tokenable_type_tokenable_id_index` (`tokenable_type`,`tokenable_id`);

--
-- Indexes for table `pos_orders`
--
ALTER TABLE `pos_orders`
  ADD PRIMARY KEY (`id`);

--
-- Indexes for table `pos_order_details`
--
ALTER TABLE `pos_order_details`
  ADD PRIMARY KEY (`id`);

--
-- Indexes for table `pos_temps`
--
ALTER TABLE `pos_temps`
  ADD PRIMARY KEY (`id`);

--
-- Indexes for table `produkjadi`
--
ALTER TABLE `produkjadi`
  ADD PRIMARY KEY (`kd_produk`);

--
-- Indexes for table `produkkeluar`
--
ALTER TABLE `produkkeluar`
  ADD PRIMARY KEY (`id_produkKeluar`);

--
-- Indexes for table `produkmasuk`
--
ALTER TABLE `produkmasuk`
  ADD PRIMARY KEY (`id_produkMasuk`);

--
-- Indexes for table `resep`
--
ALTER TABLE `resep`
  ADD PRIMARY KEY (`kd_resep`);

--
-- Indexes for table `sopir`
--
ALTER TABLE `sopir`
  ADD PRIMARY KEY (`kd_sopir`);

--
-- Indexes for table `users`
--
ALTER TABLE `users`
  ADD PRIMARY KEY (`id`),
  ADD UNIQUE KEY `users_nip_unique` (`nip`);

--
-- AUTO_INCREMENT for dumped tables
--

--
-- AUTO_INCREMENT for table `bahankeluar`
--
ALTER TABLE `bahankeluar`
  MODIFY `id_bahanKeluar` int(10) UNSIGNED NOT NULL AUTO_INCREMENT, AUTO_INCREMENT=246;

--
-- AUTO_INCREMENT for table `bahanmasuk`
--
ALTER TABLE `bahanmasuk`
  MODIFY `id_bahanMasuk` int(10) UNSIGNED NOT NULL AUTO_INCREMENT, AUTO_INCREMENT=4;

--
-- AUTO_INCREMENT for table `buatresep`
--
ALTER TABLE `buatresep`
  MODIFY `id_buatResep` int(10) UNSIGNED NOT NULL AUTO_INCREMENT, AUTO_INCREMENT=160;

--
-- AUTO_INCREMENT for table `failed_jobs`
--
ALTER TABLE `failed_jobs`
  MODIFY `id` bigint(20) UNSIGNED NOT NULL AUTO_INCREMENT;

--
-- AUTO_INCREMENT for table `jabatan`
--
ALTER TABLE `jabatan`
  MODIFY `id_jabatan` int(10) UNSIGNED NOT NULL AUTO_INCREMENT, AUTO_INCREMENT=7;

--
-- AUTO_INCREMENT for table `karyawan`
--
ALTER TABLE `karyawan`
  MODIFY `id_karyawan` int(10) UNSIGNED NOT NULL AUTO_INCREMENT, AUTO_INCREMENT=7;

--
-- AUTO_INCREMENT for table `kwitansi`
--
ALTER TABLE `kwitansi`
  MODIFY `id` bigint(20) UNSIGNED NOT NULL AUTO_INCREMENT, AUTO_INCREMENT=16;

--
-- AUTO_INCREMENT for table `lokasipengiriman`
--
ALTER TABLE `lokasipengiriman`
  MODIFY `id_lokasiPengiriman` int(10) UNSIGNED NOT NULL AUTO_INCREMENT, AUTO_INCREMENT=7;

--
-- AUTO_INCREMENT for table `migrations`
--
ALTER TABLE `migrations`
  MODIFY `id` int(10) UNSIGNED NOT NULL AUTO_INCREMENT, AUTO_INCREMENT=23;

--
-- AUTO_INCREMENT for table `pengirimanproduk`
--
ALTER TABLE `pengirimanproduk`
  MODIFY `id_pengirimanProduk` int(10) UNSIGNED NOT NULL AUTO_INCREMENT, AUTO_INCREMENT=12;

--
-- AUTO_INCREMENT for table `personal_access_tokens`
--
ALTER TABLE `personal_access_tokens`
  MODIFY `id` bigint(20) UNSIGNED NOT NULL AUTO_INCREMENT;

--
-- AUTO_INCREMENT for table `pos_orders`
--
ALTER TABLE `pos_orders`
  MODIFY `id` bigint(20) UNSIGNED NOT NULL AUTO_INCREMENT, AUTO_INCREMENT=16;

--
-- AUTO_INCREMENT for table `pos_order_details`
--
ALTER TABLE `pos_order_details`
  MODIFY `id` bigint(20) UNSIGNED NOT NULL AUTO_INCREMENT, AUTO_INCREMENT=28;

--
-- AUTO_INCREMENT for table `pos_temps`
--
ALTER TABLE `pos_temps`
  MODIFY `id` bigint(20) UNSIGNED NOT NULL AUTO_INCREMENT, AUTO_INCREMENT=31;

--
-- AUTO_INCREMENT for table `produkkeluar`
--
ALTER TABLE `produkkeluar`
  MODIFY `id_produkKeluar` int(10) UNSIGNED NOT NULL AUTO_INCREMENT, AUTO_INCREMENT=10;

--
-- AUTO_INCREMENT for table `produkmasuk`
--
ALTER TABLE `produkmasuk`
  MODIFY `id_produkMasuk` int(10) UNSIGNED NOT NULL AUTO_INCREMENT, AUTO_INCREMENT=16;

--
-- AUTO_INCREMENT for table `users`
--
ALTER TABLE `users`
  MODIFY `id` int(10) UNSIGNED NOT NULL AUTO_INCREMENT, AUTO_INCREMENT=10;
COMMIT;

/*!40101 SET CHARACTER_SET_CLIENT=@OLD_CHARACTER_SET_CLIENT */;
/*!40101 SET CHARACTER_SET_RESULTS=@OLD_CHARACTER_SET_RESULTS */;
/*!40101 SET COLLATION_CONNECTION=@OLD_COLLATION_CONNECTION */;
